Artist,Title,Found on Spotify?,Spotify URI,Corrections
Romance,Bring My Baby Back (Again),Yes,spotify:track:12OieLzHAg2PvZGDMYnXXQ,
Spivak,Laura,Yes,spotify:track:5fFj9NjOHnmPmJzNOvZIwX,
Placid Angles,1700,Yes,spotify:track:5PIViBtormI3nJX0Gwl7iI,
"Rainy Miller, Space Afrika",Let It Die,Yes,spotify:track:1gij162RBHJfyFpOn8Gojo,
Romance,Crying Is The Only Thing That Gets Me Through,Yes,spotify:track:2EKNKtpHBIl5RxpbQUvOdh,
Lena South,"Lights Are Pulsing, Soft And Slow (Unreleased) + Addison Rae",Yes,,
"Hoodie, James K",Ether,Yes,spotify:track:4xMXnl2TVCTrYNcwAj5lmi,
"Fred again.., Brian Eno",Enough,Yes,spotify:track:2qMLbeUM1IunPifKpvzqDx,
Laurel Halo,Earthbound,Yes,spotify:track:1fHKFd4NtNjDwr256htMZY,
Eartheater,Metallic Taste of Patience (La Petite Mort Edit),Yes,spotify:track:2jlRO5NJ2VTcGjkBS2Ct2J,
Spivak,Alpha Centauri Blessings,Yes,spotify:track:2rBZAUkplqLti9ugnp9Fux,
Aphex Twin,#21,Yes,spotify:track:56wLenDrpunq4jPiMMissg,
Esile & Maï,Hug (Unreleased),Yes,,
Merely + Malibu,Unknown Track,Yes,,
Whitesnake,Is This Love,Yes,spotify:track:2HboGOZ0nzLGa7Aqzglszz,
2814,恢复,Yes,,
Pascal F.E.O.S.,Supernatural,Yes,,
Malibu,Unknown Track,Yes,,
"James Newton Howard, Dean Parks, David Grisman, Michael Fisher, Jay Rosen",Dani Remembers,Yes,,
Evian Christ,On Embers,Yes,spotify:track:3O9UP8z2u9akb3VGMV8SEE,
"Seth Hills, Lauren Nicole",On & On (Extended Mix),Yes,spotify:track:7cCRHBrzpsI4wDCNjYxplm,
Barker,The Remembering Self,Yes,spotify:track:5KfpuSlyjWMPMNE0eN75Vk,
Malibu,Unknown Track,Yes,,
Sora,A Caminho Do Mar,Yes,spotify:track:61EBFsWDMIY1aCNPfNC0XH,
Lee Hazlewood,Your Sweet Love,Yes,spotify:track:6DVyQl6VTvbqNQ0WU7gXIR,
Boards Of Canada,Trails,Yes,,
Susumu Yokota,Long Long Silk Bridge,Yes,spotify:track:1V5Dp4puHLcNQqwPjnldNE,
Federico Durand,Kim,Yes,,
Nelly Furtado,All Good Things (Come To An End),Yes,spotify:track:6kEpjptnAwt11Atr4cEMe1,
Disco Inferno,Love Stepping Out,Yes,spotify:track:1dRSgHJL6UpIFo73jhWIF9,
FilFla,Dx (Distance),Yes,spotify:track:06VMsci3j6KHFNwtBOBgpU,
Delia Derbyshire Appreciation Society,She Brought the Sun,Yes,spotify:track:67vq69jbaW59al1KYGExw5,
Air Supply,Lost In Love,Yes,spotify:track:6MfVSA5iKBPHzo6RGARjL0,
To Rococo Rot,Die Dinge Des Lebens,Yes,spotify:track:0mZpVZRhcTWJXa6TQQPjNV,
Gabriel Yared,Un couché de soleil accroché par les arbres,Yes,spotify:track:4ftmAcgZRmcSGTlnVNOEw7,
Stevie Wonder,Spain,Yes,,
"Frank Harris, Maria Marquez",Loveroom,Yes,spotify:track:7eExurcCAVtppDlridCVm7,
Little Dragon,Twice,Yes,spotify:track:49Su9fsYwmnnuJSyxj48kL,
Kid Spatula,Qisope,Yes,spotify:track:58oalg6VlHdFLGWJo7axMX,
Entente,Blank Body,Yes,,
Maxime Den,Infinite End,Yes,spotify:track:1xkYnVp4lmP9r1W1DVd6Pd,
Bruce Springsteen,Valentine’s Day,Yes,spotify:track:4yz5cxtyvHcD8kjxh9p8UZ,
Oneothrix Point Never,Nest 5900,Yes,,
Unfaithful Soundtrack,Unfaithful (Piano Variation),Yes,,
Vangelis,The City,Yes,spotify:track:08MspefXn5Lg7SZpQ7eTZV,
Sade,Pearls,Yes,spotify:track:4J7s7j5ulwElPG7HaGQDXR,
Oxytocin Dreams,Self-Realization In A Mcdonalds Bathroom,Yes,spotify:track:0RhTn44desZUZhBhjGFY2D,
Oneothrix Point Never,Stress Waves,Yes,,
d'Eon,#109,Yes,spotify:track:1zfyXxHEAFFxIho2u6DWsu,
Datar,B (Am’b’ient Mix),Yes,,
Halftribe,Radiant,Yes,spotify:track:7rv8uS1FAit9fK3DIuo3JC,
Esp,Voices,Yes,spotify:track:2VrGupERMcbl47STnOmWD5,
"Jakatta, Seal",My Vision,Yes,spotify:track:5VmobrLGwGQnFdsgt357ZK,
Oklou,Want To Wanna Come Back ,Yes,spotify:track:6IlgcHz7O34fOhHYOe77kR,
Mike Midnight,Smiling In Slow Motion,Yes,spotify:track:0Rwgnq0LNX6e3kmh633B1t,
"Yuri Online, 3G, Bricksy","Tigre!, Bonjour Dragon",Yes,spotify:track:7oBzhS0dvYDXOEA9rxDQS7,
The Auranaut,People Want To Be Needed (Original Mix),Yes,spotify:track:0d5SyZvJ2hOdQJ1qhny96W,
Empire Of The Sun,Etude,Yes,spotify:track:5oLZOjxUHhbcB5Xv9OPOqO,
Unknown Artist,Windows 95 Startup Sound Extended With Paulstretch,Yes,,
Future Engineers,The Silence,Yes,,
Mr.Probz,Waves,Yes,spotify:track:3s8GJ1A9ujxsKcLaJ2wY7Q,
"Accadia, Pitch & Sulphur",Blind Visions (Pitch & Sulphur Visions Of Accadia Remix),Yes,spotify:track:0JNnQNEMUFdAIbqI5zqzhv,
Sequan,Padina,Yes,,
16B,Inbetween Your Choice (2003 Mix),Yes,spotify:track:09w3KvEHkhlEFBuymSIsqB,
Future Sound Of London,Lizzard Crawl Icon,Yes,,
Medway,Resurrection,Yes,spotify:track:3TFMqIvNnjBhnypyErsVUe,
Pacific Link,Once Upon A Time (Pacific Mixx),Yes,spotify:track:1txQdeNUKOtz4xRLc2z1Gs,
Syzygy,Little Pieces Of Love,Yes,spotify:track:5b2mFzJxdZtcXaFbKm90sl,
"Overland, Christien DiMarco",The Sound Of Life (The Love Is Inside U Edit),Yes,,
Highrise,Hope For Peace (Remix),Yes,,
Basic Channel,Radiance II,Yes,spotify:track:5ffEUgoevg4EE2GngfbRVC,
"Apoptygma Berzerk, Ferry Corsten",Kathy's Song (Come Lie Next To Me) (Ferry Corsten RMX),Yes,,
"Sasha, Emerson",Scorchio (Full Length Version),Yes,,
Oklou,Endless,Yes,spotify:track:0WxgcCdTvtOrAqfSDzBcDB,
Addison Rae,Aquamarine,Yes,spotify:track:3TPKsQTu9jZyzQJiax5rLA,
Central Rush,Out Of Focus (Original Mix),Yes,,
"Solid Stone, Jennifer Rene",Not Enough,Yes,,
Accadia,Blind Visions (Accadia Club Mix),Yes,spotify:track:7xqStxg5G1y8Yz8KRqVMrc,
Stevie Be Zet,Blue Illusion (Flat Horizon Mix),Yes,,
Mfm,Untitled,Yes,,
DJ Semitone,I'm The Wind,Yes,,
Dark0,Untitled (Ballad Edit),Yes,,
Iva Peralta,Ismara,Yes,,
Myon & Shane Ft. Lab Works,Ibiza Island (Liberta Edit),Yes,,
Solid Sleep,Heartbeat (Aquaflex Remix) X FSS Ate2 Loop,Yes,,
ATB,Ecstasy (Rxflxct Rework),Yes,,
Evian Christ,Nobody Else,Yes,spotify:track:5PSS18MKJpSNeFVQi6rzJL,
Unknown Artist,Allthefireworksatonce,Yes,,
Guiseppe Ottaviani,8K (Eusexia Edit),Yes,,
York,Dying Star (Chill Out Mix),Yes,spotify:track:1jgO0igsrj8o4VBNRSq3mB,
Niko Demus,Untitled,Yes,,
Unknown Artist,Unknown Track,Yes,spotify:track:47FlbrwMWmaaC87mkVbwcZ,
Pools,Another Chance (Pools Edit),Yes,,
"Kerri Chandler And Jerome Sydenham, Dennis Quin",You're In My System (Instrumental Club Mix),Yes,,
"Tim Berg, Avicii",Bromance (Avicii Arena Mix),Yes,spotify:track:7cEsSFhEZNh6zQVzwpRMW5,
"Breeder, Shem McAuley, Simon Rogers, Slacker",Tyrantanic (Slacker's Kingdom Come Mix),Yes,spotify:track:63rAUIKBbZNrf1RIjPYCAR,
Alphaville,Forever Young,Yes,spotify:track:4S1VYqwfkLit9mKVY3MXoo,
Reuben Halsey & Miranda Dickinson,The Meaning Of Life,Yes,,
Cocteau Twins,The Ghost Has No Home,Yes,spotify:track:0rtfF7pfVYD5nvBQ1mPRsD,
ESP,Break Free,Yes,spotify:track:7KIRJCAKHhzT4HC3uYXVui,
Trance Wax,So Alone,Yes,spotify:track:1S8PNl7u3ezQj74TEts3o0,
Katana,Silence (Antic Remix),Yes,,
Yves Deruyter,Feel Free,Yes,,
Unknown Artist,Unknown Track,Yes,spotify:track:47FlbrwMWmaaC87mkVbwcZ,
Oklou,Endless,Yes,spotify:track:0WxgcCdTvtOrAqfSDzBcDB,
Two Heavens,White Orca,Yes,spotify:track:4QdPbcFjztR1XH02x72jqX,
Merely,Neutron,Yes,spotify:track:0gqXXg3r7Ek6rqUHHZ6Knz,
"CFCF, Team Rockit",Suburbilude (Team Rockit Remix),Yes,spotify:track:3nvAebpJrmRIu3NhJ1182s,
Markus Guentner,Altocomulus Opacus,Yes,spotify:track:62auul4pwRe5tbMDlCPeAW,
Chicane Feat. Bo Bruce,Still With Me (Original Drift Mix),Yes,,
Inter Alia,Saints,Yes,,
"In Orbit, Alda Vain",Diminishing Returns,Yes,spotify:track:46vtaBeox6vSl8bX6u8SnO,
Spice Girls,Viva Forever,Yes,spotify:track:6BPDPcnbDMDf58srVzbfX9,
"Merely, Malibu",E22,Yes,spotify:track:6UcOVKA5o2tu4vSKanHtaz,
Måuriziö,Outerlude,Yes,,
Spooky,Little Bullet (Manse’s Breakneck Reconstruction Mix),Yes,,
Malibu,Unknown Track,Yes,,
Basic Channel,Mutism,Yes,spotify:track:3moYb5sN4MtjX7J4KkM7Dr,
"Merely, Malibu",Love Hard,Yes,spotify:track:2TqQyT5MMb63vblHgGT8jI,
Oklou,Choke Enough,Yes,spotify:track:3KVRU1oh4M4VtMRCNWBDVC,
E-Craig,1st Time (Dub Mix),Yes,,
"Sonorous, Ronski Speed",Protonic (Ronski Speed Mix),Yes,,
Britney Spears,Break The Ice,Yes,spotify:track:52K4Nl7eVNqUpUeJeWJlwT,
Mk.gee,You Got It,Yes,spotify:track:09C7sAnEMyDzvpaNeA6NZb,
Sasha,Baja,Yes,spotify:track:1p8zAY4LdG2xquXuiMusWd,
Burial,Kindred,Yes,spotify:track:65R9KWmA7s24a79Hctpdmj,
Rank1,Awakening,Yes,spotify:track:4bFfscZk2A5tDXXZ0Qnqsz,
"Rank 1, Marcel Woods",L.E.D. There Be Light (Marcel Woods Remix),Yes,spotify:track:6LXeZYYolpC03YmsBXWoP8,
Mark'Oh,Stuck On You,Yes,spotify:track:1IKDUFmFanJjxxsPD4q69x,
Bladee,Be Nice To Me,Yes,,
"Chief Keef, Lil Reese",I Don't Like (Explicit),Yes,,
"Torbjörn Näsbom, Sebastien Dubé",Låt Till Kim,Yes,spotify:track:1s9eVFHwKVCdWBxRPcTzIm,
ABBA,Dancing Queen (Return Of The King Remix),Yes,,
"Headhunterz, Angels & Airwaves",Paper Thin,Yes,spotify:track:7c2IApOeLTZfrB5dVScRUP,
Ariana Grande,Pop,Yes,,
Eah Jé,Beroendeframkallande,Yes,spotify:track:1r5nCkDun9Rg73A5KGWZB0,
Meat Loaf,I'd Do Anything For Love (But I Won't Do That),Yes,spotify:track:1k2NivgsLlf1jgn13QqEcd,
Bäsk,Drömpolska,Yes,,
"Merely, Malibu",Idle Citi,Yes,spotify:track:3osNWyAjlf1AWPtatunyS4,
"Varg2tm X Eurohead (Feat. Bladee, Ecco2k)",H2d Ambient Remix,Yes,,
Kent,Dom Andra,Yes,spotify:track:1yU51sZHtxvZHlni32lgxM,
Kate Bush,Bertie,Yes,,
Eurohead,"Till Solen (Feat. Lena Willemark, Varg2tm)",Yes,,
"Loam, Fröken Snusk",Dö,Yes,spotify:track:6xQhvjACkxeuaRIH25UizF,
Torbjörn Näsbom,Hommage Till En Spelman,Yes,spotify:track:3MTd6J4dNppYD7fNhBUiHj,
Peter LeMarc,Little Willie John,Yes,spotify:track:2AzKvgFunpZgZc5HCFCYLe,
Esp,Drive,Yes,spotify:track:74h7Gkwx7leaDd100Q11eM,
Buckethead,Angelmonster,Yes,,
Eurohead,Where Do We Go (Malibu Rework),Yes,,
The Hitmen,Side By Side (Vocal Club Mix),Yes,spotify:track:2ReHCRmezLLXRLrIqQullf,
Tim Story,One Shameless Vision,Yes,spotify:track:230keOT6O5rbBn3lpjBidt,
Simple Minds,Kant-Kino,Yes,,
Space Afrika,Yyyyyy2222,Yes,spotify:track:6qNgUxNscSCV4Oqvo5Eo8T,
Mk Gee,Dream Police (Live),Yes,,
Tomasz Bednarczyk,Purrfect Night,Yes,spotify:track:5HT5bVntrW0KRYQS73yIFc,
Malibu,Unknown Track,Yes,,
Orbital,Sunday,Yes,spotify:track:7Ar5Ipk8N5ZMZNxgj9Y6gs,
"Dj Worm, Spöke, Eurohead",Europa Drug Music,Yes,,
Oklou,Unknown Track,Yes,,
16B,Inbetween Your Choice,Yes,spotify:track:3SbdRSzPD3YP70snOs0jls,
Eurohead,Where Do We Go (Misogi Remix),Yes,spotify:track:15JIMred0mnZrWSC9CNz91,
"Torus, Malibu",Summer Of Love,Yes,,
Bnyx,Cooking Up 10 17 22,Yes,,
Elysia Crampton,Dog Clouds (Ft. Jeremy Rojas),Yes,,
Duster,Cooking,Yes,spotify:track:6GB4HmfcDsw0DUsluTqWi9,
Wokeups,Fragged Aht,Yes,spotify:track:5w2GmJAUVc22QqJhCR9zzQ,
The Hitmen,Like I Love You (Instrumental Mix),Yes,spotify:track:3cf8Kmynpv6Jqvk0WbnkI0,
Ricky Eat Acid,Starting Over,Yes,spotify:track:3JR0G1hgWnyDxRAIAzTSnw,
747,Aurora Centralis,Yes,spotify:track:7A1YcSeFJpLTHybu78qgT9,
Torus,We Share The Same Breath,Yes,,
Pixies,Where Is My Mind?,Yes,spotify:track:0KzAbK6nItSqNh8q70tb0K,
Merchant Ships,Sleep Patterns,Yes,spotify:track:5sVaOnl4Kr31ymXLicdVlH,
Torus,Lose Control,Yes,,
Torus,Slow Break,Yes,,
"Motorcycle, Gabriel & Dresden",As The Rush Comes (Gabriel & Dresden Sweeping Strings Mix),Yes,spotify:track:5hWcrdQfD9OFLrdssfYS7T,
Caleb Arredondo,Trinity Torus,Yes,,
Andain,Summer Calling (Airwave Remix),Yes,spotify:track:1OOq9BESGtUXI2a2foOX50,
Inversion,Dystopia,Yes,,
"Planet Funk, DJ Harvey",Inside All The People (Harvey's Ibiza Sleepy Mix),Yes,spotify:track:4LmaPBSPl6fnwdwtjV5kPi,
S.H.O.K.K.,Isn’t It A Little Strange,Yes,,
Addison Rae,Aquamarine,Yes,spotify:track:3TPKsQTu9jZyzQJiax5rLA,
Oklou,Obvious,Yes,spotify:track:7zyBL0LZndcnPXsbdhiqWp,
Merely+Malibu,Love Hard,Yes,,
"Rudimental, Charlotte Plank, Vibe Chemistry",Dancing Is Healing,Yes,spotify:track:5gqu7rZE6fTFwbN2metxv4,
Marco V,Godd,Yes,spotify:track:7hPiAG2I0cxG0W97LjYwkN,
"C.Y.B., Thomas Gold",Now (Thomas Gold Remix),Yes,,
L.S.G.,Risin',Yes,,
"Vinny Troia, Jaidene Veda, Mike Balance",Do For Love (Mike Balance Remix),Yes,spotify:track:2BFrMKNWIULfgjaFT4QGH9,
Daniel Mp3,Childhood,Yes,spotify:track:06dDLXf4gPbE02gvH8E6G9,
Malibu,Unknown Track,Yes,,
Flawed Mangoes,The Beginning,Yes,spotify:track:0BkWtEXXzkDMadmURIQhRp,
"The Kid Laroi, Justin Bieber",Stay,Yes,spotify:track:0zPRjHpGZFNNLCkO3raxod,
Evian Christ,Ultra,Yes,spotify:track:1G4L4D98mOYhdstFUaUMmX,
Eric Prydz,Pjanoo (Club Mix),Yes,spotify:track:0noVd1VU93X8TEZMmpR3yN,
Thomas Newman,Fight Day,Yes,spotify:track:63zivmpJdwdoJhPhWayr5R,
Evian Christ,Run Boys Run,Yes,spotify:track:6s72ItQUm6wnWKCCRKQoQC,
Bochum Welt,More Light (Taylor’s Version),Yes,,
Steve Hauschildt,Strands,Yes,spotify:track:0XA6999Nceq9KDYlqC7H06,
Call Of Duty 4: Modern Warfare,Game Over,Yes,,
"Harry Gregson-Williams, Stephen Barton, Andrew Skeet",Call Of Duty 4: Modern Warfare: Main Menu Screen,Yes,,
"Future Sound Of London, Andrew Weatherall",Papua New Guinea (Andrew Weatherall Mix) (Edit),Yes,,
Dutch E Germ,IntroXXXWar,Yes,spotify:track:5QpKKUY12Dlw6c2bbTphL6,
Ben Frost,Venter,Yes,spotify:track:1QoeJ8qPj767H1trhzmYTK,
Hudson Mohawke,Ingle Nook Slumber,Yes,spotify:track:5j8JsgVchTbN30QLQxtqrO,
Thomas Newman,Ain’t You Tired (End Title),Yes,,
"Wiz Khalifa, Charlie Puth",See You Again ,Yes,spotify:track:3N2CRRKaJ3CHfDHsRfo8wW,
Merely+Malibu,Unknown Track,Yes,,
Biosphere,The Things I Tell You,Yes,spotify:track:36BGk42n6upPWiMCWpBQKL,
Oklou,Friends & Family,Yes,,
Ratty,Sunrise (Here I Am) (Club Mix),Yes,,
"Robert Leiner, Mindbender",I Wanna Love You (Mix 1),Yes,,
Merely+Malibu,Unknown Track,Yes,,
Nimbus,Subconscious Mind,Yes,,
Heat OST,Steel Cello Lament,Yes,,
Ballad,Ghini,Yes,spotify:track:52j5PjiZYYfTiGkmkmCbcd,
Evian Christ,The Beach,Yes,spotify:track:74MrkICU9XLNrRzdycgFrM,
M-Seven,Invisible,Yes,spotify:track:2dJnIKnfUN9RW45gHKR4u0,
Esp,Promise,Yes,spotify:track:4OtaepBwuVf6vo4FF2MZ4l,
Hosini & Jones,Grön,Yes,spotify:track:5ERAyRMUafbdaSG3Zk2G2f,
Grouper,Headache,Yes,spotify:track:4EDj8GXOlI45vG4SOfswK3,
3 Steps Ahead,Drop It,Yes,spotify:track:03fFI4KbskZPygRUegt2ec,
Julianna Barwick,Inspirit,Yes,spotify:track:2ZrCLJz5UGbJCW2JK2OgkK,
Toxe,Sister / Demon ,Yes,spotify:track:291k4ode3z0IVsfyEj9Oo0,
VMO,Planet Helvetech,Yes,,
Krampf,I Know A Place,Yes,spotify:track:23DSpAWwSrWptBVD99DlX4,
Karlfroye,[Unreleased],Yes,,
Toxe,Laughing So Hard,Yes,spotify:track:6cKJH9yfJprNhYJT4vDXEs,
Embaci,Knock U Down (Improv Draft),Yes,,
Claude Murder,Gently Whip [Unreleased],Yes,,
Ange Halliwell Js,Secret Track Hindsight [Unreleased],Yes,,
Rallye,22:33,Yes,spotify:track:2U64pMcp0MLjdbrGOqTQfi,
HDMIRROR,Anthem,Yes,spotify:track:6MVreup4Uks32b9dO05gHs,
Aphex Twin,Flim (Dj Skrillex Candle-Lit Remix),Yes,,
Kimberlaid,Euphoria Grief (Estoc's Bathed In The Light Of The Moon),Yes,spotify:track:0v3b5KGrQEGImgL69MHnP8,
Sunbeam,Outside World,Yes,spotify:track:4409W2q7q9tu2OPQTcDpNg,
Hoodie X James K,Ether,Yes,,
S1obhan,Secrets,Yes,,
Oklou,Asturias (Feat. Zero Castigo),Yes,,
beloved trinket,Blessing 2,Yes,spotify:track:0z7f0m4t0vzFGz4yV35Rt1,
Eekhlorią,Perpetual Oscillations,Yes,,
Two Heavens,N3ptune (Night),Yes,spotify:track:73M260RZuC8nbzd9Hk1Fjn,
Malibu + Merely,Unknown Track,Yes,,
Esp,Vega,Yes,spotify:track:5OxX9mw7YJvEAipdesuurh,
Torus,Unknown Track,Yes,,
Cobra Starship,You Make Me Feel…,Yes,spotify:track:5OUKeo4MKpoyD4xfNLrFyY,
Space Ghost,Virtual Age,Yes,spotify:track:0qPBJV63gRZXsXu6ICcduG,
Avril23,Goût Xanax,Yes,,
Nadia Ali,Triangle (Myon And Shane 54 Classic Mix),Yes,spotify:track:6Jx9JVg28Cs3GbN6cnfFrG,
Addison Rae,Diet Pepsi,Yes,spotify:track:6MzofobZt2dm0Kf1hTThFz,
Two Heavens,Dj Missoni,Yes,spotify:track:2UBKRg48CMDBIF689YQwn5,
Leandro Fresco,El Cruce Imposible,Yes,spotify:track:35rmU1qhzqcit1JYhzaMeb,
Durutti Column,Future Perfect,Yes,spotify:track:0RlpgTdnxatoTRBvG34zaB,
Wizard Liz,"Wanting Nothing, Gives You Everything",Yes,,
Friendzone,Don’t Give Up,Yes,spotify:track:1NQRBiqEXa9dyfvCYLtlfn,
Moby,Inside,Yes,spotify:track:53uJKREbKAWph6H2yuvxsk,
Chicane,Overture,Yes,spotify:track:3sNaX9joRvQ51WxxASIqrZ,
Fennesz,Sognato di Domani,Yes,spotify:track:7pWXsmhACa8HNqVfPTLypN,
All Saint,Pure Shores (Munix Edit),Yes,,
Apichatpong Weerasethakul,Reverberation (Syndromes And A Century,Yes,,
Lana Del Rey,Happiness Is A Butterfly,Yes,spotify:track:3lG6OtGDsYAOALxEmubQQm,
Gelka,Have You Kept Your Ticket,Yes,spotify:track:32OO54weibo4LCMEJe5WH5,
"José Padilla, Jody Wisternoff, Nick Warren, Way Out West",Sabor De Verano (The Way Out West Mix),Yes,,
Torus,Unknown Track,Yes,,
Bambinodj,Love Nautics Edit,Yes,,
Bambinodj,Fendy Spirit D&B,Yes,,
Weekend Players,21st Century,Yes,,
"Kings Of Tomorrow, Julie McKnight, Lenny Ibizarre",Finally (Lenny Ibizarre Mix),Yes,,
Vince Watson,Eminescence ,Yes,spotify:track:1ULris74YwjISh55MoiAOe,
Sade,Pearls,Yes,spotify:track:4J7s7j5ulwElPG7HaGQDXR,
Beverly Hills Mom,I Fffee3l Like... D(Ecapitation)J Something,Yes,,
E Love,Cause I Love You No More (Alster Lounge Chill Out Vocal Mix),Yes,spotify:track:63a2ubaXj9WlNU6Kwp2nMJ,
Gaia,Empire Of Hearts (Original Mix),Yes,spotify:track:6pV8uZr4fMC24WdAJlezZW,
Evian Christ,The Beach,Yes,spotify:track:74MrkICU9XLNrRzdycgFrM,
Malibu,Unknown Track,Yes,,
Markus Schulz,The New World,Yes,spotify:track:0H5WE0eOpG72APxRio3G1z,
Arome,Visions Of Paradize,Yes,,
"Oklou, Casey MQ",Everlasting,Yes,spotify:track:5SA4v99TFAHEk7va8mqNai,
Marco V,Simulated,Yes,spotify:track:57l64z39EOEvAHFqJexIdF,
Moritz von Oswald,Silencio,Yes,spotify:track:1qFi5vw7f2P9vzK8CJ0Y4i,
Torus,Anything Your Heart Desires,Yes,,
Malibu,8149,Yes,,
Serious Danger,Battle Plate,Yes,spotify:track:2gKuNeJIegFrlEqhzRSh31,
Veracocha,Carte Blanche (Magdelayna’s Chilled Resurrection),Yes,,
"Starsplash, Peter Luts",Free (Peter Luts Remix),Yes,,
Malibu,Unknown Track,Yes,,
Malibu,Unknown Track,Yes,,
Goldie,Timeless,Yes,spotify:track:7AvrJG89s3bVBWNqaLa8Le,
Lost Tribe,Red Skin (Original 1993 Mix),Yes,spotify:track:1d83VBUZK1s0pRVaSD1qqY,
Estuera,City Lights,Yes,spotify:track:2oXQBfPfYdDiuVTBrtFONp,
Malibu + Merely,Unknown Track,Yes,,
Pat16120,Denialllllllllllllllllllll,Yes,,
Bino’s Bin,Same Stories (Bonus Edit),Yes,,
Jamesjamesjames,Triple Speed Francesco,Yes,,
Pat16120,X-P,Yes,,
Lords Of Tranz,Trancestores (Remix),Yes,spotify:track:7zf5mjjyqfGe8FA4ZjUBIe,
"Ocean Drive, DJ Oriska",Because (Extended),Yes,,
"Gg12, 500",Soul Fly,Yes,,
Daft Punk,Digital Love,Yes,spotify:track:2VEZx7NWsZ1D0eJ4uv5Fym,
36,So Distant,Yes,spotify:track:5xIhO9oOHhfVyr1HzNR7Ss,
36,Beyond The Hyperreal,Yes,spotify:track:1SMj1n8YGXWMnEfmwUPgRl,
Ive Peralta & Alex Compton,Nazaré,Yes,,
Malibu + Merely,Unknown Track,Yes,,
Above & Beyond,Tri-State,Yes,spotify:track:35TLjgolZVn4NlnaMyWh3p,
Vince Watson,Lunar Visions,Yes,spotify:track:3lqBSBCR4sgYUcjeG0HCzv,
Mike Shiver,Ahh (Club Mix),Yes,spotify:track:2lzhAlN3JX8JhXgg9c6zYA,
Eurohead,Where Do We Go,Yes,spotify:track:6Zun2x70G4dVoESZJwhYKe,
Oceanlab Vs Mike Shiver,If I Could Fly On The Surface (Daniel Kandi Mashup),Yes,,
Malibu,Iliad (ESP Remix),Yes,,
Paradisio,Bailando,Yes,spotify:track:6PwbVXIomkvk4YcafiOc6i,
Inna,Hot,Yes,spotify:track:7F1lHcpnTycnimQrCxDFI5,
Su Tissue,2nd Movement,Yes,,
Judee Sill & David Allred,The Lost Page (From Judee’s Journal),Yes,spotify:track:163iOJGBGBWY7LRQNCfGnx,
Algebra Suicide,Tractor Pull,Yes,spotify:track:7sfiRt1BeEcnSSnziY4Heq,
Pino Donaggio,Telescope,Yes,,
Pinky Rose,Weak-End (Lainey Wilson),Yes,,
Strawberry Switchblade,Trees And Flowers (Extended Mix),Yes,spotify:track:5mfVFjhICWH1HM8SO0Q4WV,
Morgan Wallen,I Guess,Yes,,
Angelo Badalamenti,Mr. Roque / Betty's Theme,Yes,,
The Future Sound Of London,Max,Yes,spotify:track:4jXkjKMOJYi4BUMBM86m9Y,
The Future Sound Of London,Vit Drowning / Through Your Gills I Breathe,Yes,spotify:track:0Fb7Acb2ZFCGrvQ9ZCEczW,
Central Rush,Out Of Focus (Original Mix),Yes,,
Love Spirals Downwards,Sunset Bell,Yes,spotify:track:5hvueoVOLkcM10hYKfIz2j,
Sun Electric,O’locco (Orbital Theory Pt3),Yes,spotify:track:4d4O6XBwGiqPI6VKY7SxFV,
Tre Flip,Smoke,Yes,spotify:track:2ChFZI49WJ1GIDBtjGfo9P,
Frankjavcee,Simpson Wave 1995,Yes,,
Vince Watson,Melodika,Yes,spotify:track:5Im61xJEm7DwV17MNBv2DV,
Medasin,Magic,Yes,spotify:track:2fJcCZXjaPx86LQymV6Ufu,
"Angelo Badalamenti, The City Of Prague Philharmonic",Mulholland Drive / Love Theme,Yes,,
Malibu,??? (Fsol),Yes,,
Evian Christ,Silence,Yes,spotify:track:5KV8Slzq0UG3dRQD0FiOZR,
"Imagine Drowning, Dysonence",Peroxide,Yes,spotify:track:1lDQal5To3RPGCzYFBpaFR,
Wulven,High Gravity,Yes,spotify:track:0EbqSh8eiCjFE8RUlILfdD,
Imagine Drowning,They Love Nothing About Me,Yes,spotify:track:0osph6HigEsnr9TBbovLRm,
Grouper,Alien Observer,Yes,spotify:track:35VfLKymw2iZKWnLTvm8Xv,
Nate Steckler,Petrichor,Yes,spotify:track:3zyck0G4bhaEcVDEyzQWRq,
Wulven,They Are Never Coming Back,Yes,spotify:track:4qW2N8Ms4h6x1aqEVMQ2Vp,
Tim Hecker,Dungeoneering,Yes,spotify:track:2rRrV0syrGGaVbVDHXESs3,
Malibu,So Far Out Of Love,Yes,spotify:track:6KhlkE9KmaMwxDCfRvCrFr,
Two Heavens,United States Of Europe,Yes,spotify:track:3qDa1g23N5FgSqe2c9eNO8,
Radiant Futur,Life Amplifier’s Modulation,Yes,spotify:track:47kRDt90OdjuwqhyeCDKgD,
Two Heavens,I Want To Live 4 Ever,Yes,spotify:track:74pWjP98kCKjaC1okQhRuD,
6lack,Playin House (Pt.1 Endel Sleep Soundscape),Yes,spotify:track:2cSwPGfyz5r0sdt3o1ML1Q,
Pat_16120,Crawl,Yes,,
Caterina Barbieri,Perenial Fantas,Yes,,
Final Fantasy X,At Zanarkand,Yes,,
Beach House,On The Sea,Yes,spotify:track:5sKb4ShexCtnNcZlWHGDrE,
Frank Watkinson,OMH,Yes,,
Vangelis,Monastery Of La Rabida,Yes,spotify:track:0v6FuCt6q776u7DzFMOPi0,
Beach House,10 Mile Stereo,Yes,spotify:track:6V1Ha54suZAAoH9vuKznS6,
The The,This Is The Day,Yes,spotify:track:3FjYAj4hg5KiXpVAMjpLKq,
Cyril Hahn,Say My Name,Yes,,
William Ørbit,Ogive Number 1,Yes,,
Fredo Viola,The Sad Song,Yes,spotify:track:1KncKvPjodBmjGpZkh29UC,
Carter Burwell,Bella's Lullaby,Yes,spotify:track:1xW5K2U7j99kEAzfythUDz,
"Timbaland, OneRepublic",Apologize,Yes,spotify:track:6ucR4KfvsBFWCMVFDvyKKl,
Quartermaster,Vad Ska Jag Göra Nu?,Yes,spotify:track:1RYIhZqOQ0kkxEfw2YVDaJ,
Baaba Maal,Dunya Salam,Yes,spotify:track:2xgnTqh4VipHycDrzUv2s7,
Stella Explorer,Mindgames,Yes,spotify:track:6DNmmMDgkzNsNercjy4zW6,
Lorn,Timesink,Yes,spotify:track:1jyUQ0SnlsNUNHNT8BVG0G,
Elite Gymnastics,So Close To Paradise,Yes,,
The Veronicas,Untouched,Yes,spotify:track:0KlahhzNb98zyN83Vwae0l,
All Saints,Pure Shores,Yes,spotify:track:08Sb9OzVr1ks4Vm3I4it78,
Arome,Hands Up!,Yes,,
Faithless,Addictive,Yes,,
Grimes,Realiti,Yes,spotify:track:7eXFZCiP9GqdMUashk96UF,
Fleeting Joys,I Want More Life,Yes,spotify:track:3n0lj3L4umF4rj6UESSEyq,
"Rick Ross, Drake, French Montana",Stay Schemin,Yes,spotify:track:0nq6sfr8z1R5KJ4XUk396e,
Audien,Keep This Memory (Original Mix),Yes,spotify:track:5emOfrIDrEzCW6mx2t7cKk,
Avicii,Heaven,Yes,spotify:track:0vrmHPfoBadXVr2n0m1aqZ,
Grimes,Butterfly,Yes,spotify:track:01dQHUYz6EerSF6JQDolCC,
Tim Story,Hidden Country,Yes,spotify:track:74dxF6RbC53Wo01FXvpqie,
Salvia Plath,Dream,Yes,,
Boards Of Canada,Hi Scores,Yes,spotify:track:2ztIiO6HXMkYImuBuwERq2,
Meshuggah,Stifled,Yes,spotify:track:4HQ8iEhdEdQeGQVvQam3AM,
Title Fight,Head In The Ceiling Fan,Yes,spotify:track:449LuMpoIOhxnW2B246Aau,
Midwife,Reason,Yes,spotify:track:1dLIjycI4ac6txLjnvdnMD,
Alex G,Casey’s Walk,Yes,spotify:track:6XCCkiUpOSh9V6XdbG0Dn4,
Trauma Ray,Spinning,Yes,spotify:track:4ZtYV4eG1W40rWtyDy9SvA,
"Oneothrix Point Never, (Sandy) Alex G",Babylon,Yes,,
ML Buch,Mirror Bridge ,Yes,spotify:track:7akTj5h69yPLmob9xapvzW,
Alessandro Cortini,Scappa,Yes,spotify:track:6Nbo5gaFH0jt4J1OhOmB2k,
Pat_16120,Adversity (Guitar),Yes,,
Lana Del Rey,National Anthem,Yes,spotify:track:1M0g1beKC4H9gbrOiSayHW,
Soul Whirling Somewhere,Diffusing On The Surface,Yes,,
Dj Missoni,Two Heavens,Yes,,
Kointähti,Hearth,Yes,,
Cedric Madden,Glitter (feat. Anima),Yes,spotify:track:0RoOMm6DoNEI0D4Ul8mQcS,
Tink,When It Rains,Yes,spotify:track:79Qdeo7oqeJarSU5YzQkFz,
Angelita,Gospel Pass Demo,Yes,,
Tastexperience,Skylines X Tantrix,Yes,,
Ian Van Dahl,Waiting 4 You,Yes,spotify:track:2kLjwG2LLfgILvDwY5oITX,
Lasgo,Cloud Surfers,Yes,spotify:track:4KWWzQYgmiEgLUUXebvqAd,
"oqbqbo, Scandinavian Star",Free Fall,Yes,spotify:track:2v1HKxyL6qCvdVlGpkG2Tr,
Inef Coupe,Oil + Water,Yes,spotify:track:5KIbEj8XfagH4nGzEqIZaa,
A.R. Kane,Butterfly Collector,Yes,spotify:track:39ioRRmD84dOe60L8dPyZP,
Soul Whirling Somewhere,Unsleep,Yes,,
Achilea,Prelude,Yes,,
Track 10,Pumper,Yes,,
Evian Christ,Run Boys Run,Yes,spotify:track:6s72ItQUm6wnWKCCRKQoQC,
Tim Hecker,Without Borders,Yes,,
"My Head Is Empty, Miranda Rain",A Way Out,Yes,spotify:track:1sSWeebrHxMLdixWRgs778,
Leama & Moor,Shades Of Yellow,Yes,spotify:track:0S3HGBKtFkqF4wMy4Y9z1T,
Stereophonic Sound,Journey Into Sound (Club Mix),Yes,,
"FSOL, High Contrast",Papua New Guinea (Remix),Yes,,
Lenny Ibizarre,The Aoen,Yes,spotify:track:20JH0rpZzrcra2RfH4LLAR,
"Gouryella, Yoji Biomehanika",Ligaya (Yoji Biomehanika Remix),Yes,spotify:track:4m3GKRJ9NZA9I2h1VeszjZ,
Tori Amos,Losing My Religion,Yes,,
"Bon Iver, St. Vincent",Rosyln,Yes,spotify:track:4k7x3QKrc3h3U0Viqk0uop,
Burial,Rival Dealer,Yes,spotify:track:6U8zeE9qtmNYPnMwKw5SHL,
"Cluster, Eno",Schöne Hände,Yes,spotify:track:1WbwlYiiMZGQlrFGirRnHv,
Gia Margaret,For Zoya in China,Yes,spotify:track:17rnN3WqA9yKghlTxcpk2e,
The Postal Service,Such Great Heights,Yes,spotify:track:75z2YLg5Lkqf6qL9XOY8tV,
In My Talons,Can't Sleep Without You,Yes,,
"Mirco de Govia, Ronski Speed",Asarja (Ronski Speed Mix),Yes,,
Glenn Morrison,Contact,Yes,spotify:track:0mtIQKs3F9vlofkBKP6bgx,
Balas De Agua,Holding Her Hand,Yes,,
Ed Sheeran,Bad Habits,Yes,spotify:track:3rmo8F54jFF8OgYsqTxm5d,
Yung Sherman,IDC (Evian Christ Remix),Yes,,
Flawed Mangoes,Killswitch Lullaby,Yes,spotify:track:7g3g00RKlqSIe2G8KKCgsE,
Billy Eilish,When The Party's Over,Yes,spotify:track:43zdsphuZLzwA9k4DJhU0I,
Avicii,Silhouettes (Original Mix),Yes,,
Rival Consoles,The Fade,Yes,spotify:track:1MYHj7MTg5FWtsji3hVoE0,
Leadwave,Memories,Yes,spotify:track:4VkRQSpG16JxrXaVlNyWdX,
Dj Something,Intro,Yes,,
Bochum Welt,G1 (Ambient Mix),Yes,spotify:track:6ydUn4FAYeifragIPVZvcO,
Torus,Ordinary Twilight,Yes,spotify:track:0BjlNKe7NJ5tr8oEDZxVrW,
Vangelis,Desolation Path,Yes,,
Toys Soundtrack,The Closing Of The Year,Yes,,
Oklou,La Nuit,Yes,,
Merely,Tangerine Skies,Yes,spotify:track:5xCbyOoliHM76AMNxkMrEC,
Motorcycle,As The Rush Comes (Hamptons Chills Remix),Yes,,
Malibu,One Life,Yes,spotify:track:4U9V0QzTJayPv31U1iJrU2,
Gud,Fuck You All I’m Looking For Something,Yes,,
HAJJ,Life as a Death Ritual,Yes,spotify:track:4uRMEnmjFD1KeA1vB3vUPL,
Seretide,Silhouettes,Yes,,
Valet,Unreleased,Yes,,
Sunny Lax,Enceladus (Original Mix),Yes,,
"Kaskade, Deadmau5",Move For Me (Radio Edit),Yes,,
Unknown Artist,One Touch (Tranceparty Archive),Yes,,
hiræth,abyss,Yes,spotify:track:3m46pU1iiTBTpXGvqh49yw,
Unknown Artist,Windows 95 Startup Sound,Yes,,
Geko,Soul Train,Yes,,
The Blizzard,Kalopsia (Original Mix),Yes,spotify:track:7Ko9MdcJMaYGsnOmI8QeeM,
Sligo,Aurora (DJ IBON Remix),Yes,spotify:track:5ABY9ESGR2R7156GpRNRxb,
Dj Semitone,Sunset Music 2,Yes,,
SUAVETOR,CHRYSANTHEMUMS,Yes,spotify:track:7uNDAsNStIF7WqhB408scv,
Pavel Milyakov,Main Loop,Yes,spotify:track:68cZegdDhjVNeS06dy41hk,
"Judge Jules, Marcus Schössow",The Greater Good (Marcus Schössow Remix),Yes,spotify:track:5crqr1lcTWkRAK7Z4Ucabs,
Iva Peralta,Unreleased,Yes,,
Andain,Beautiful Things,Yes,,
Sunglasses Kid,Meanwhile In Grosse Pointe,Yes,spotify:track:06EvkrxFG4ltt3ppD7j3YD,
Chromatics,Night Drive,Yes,spotify:track:6d5jMLcYaEoZestm7ZMGj6,
Chromatics,Cherry,Yes,spotify:track:4sRmzVSedvFkENbSJ342Ex,
Analog Mannequin,Milk Cassette X,Yes,spotify:track:0NH4HBguRWaWJO83oqHyAp,
Enya,Less Than A Pearl,Yes,spotify:track:4X8eI0IxdwyixaeOPOeeGh,
Dogzilla,Your Eyes (Original Mix),Yes,,
V Chads,Hyperspeed (Sport Dj Edit),Yes,,
Torus,Anything Your Heart Desires,Yes,,
Hyaketekehatkeha0345,Kick,Yes,,
Malibu,Cheirosa '94,Yes,spotify:track:7qeQCfgmmHohjFCv2SOlA7,
"Exael, Arad Acid",Upward Spiral,Yes,spotify:track:58Izk2CgOdDvnORHlgs1Au,
"Art Of Trance, Push",Madagascar (Push Remix),Yes,spotify:track:2MdJSteRyLWzuFyyUHnDOs,
CJ Bolland,Camargue (Live At Universe),Yes,,
Atlantis,Fiji,Yes,spotify:track:2GixLQYy4jRPEowVoxjSa7,
"Sasha, Emerson",Scorchio (Full Length Version),Yes,,
Jody Barr,Eleanor (Extended Mix),Yes,spotify:track:12gi4SCfbS8SC45lgRCuia,
"Gigi Masin, Alessandro Monti",Stella Maris,Yes,,
"Jan Johnston, Serge Devant, Benz & MD",Transparent (Benz & MD's Aurium Remix),Yes,spotify:track:4SDCkSg5tuM2ewZN9N4QQm,
Yawning Portal,Clearing,Yes,spotify:track:4qh5K6h8kcrKzyYlQMAG1y,
Luminary,Believe,Yes,,
Basic Channel,Radiance II,Yes,spotify:track:5ffEUgoevg4EE2GngfbRVC,
Mauro Picotto,Lizard,Yes,spotify:track:4t12tfpnld2b3XwXsNfEgt,
Giuseppe Ielasi,1,Yes,spotify:track:455Ckg7jOwfglE0q9wjMWw,
Raum,Restoration,Yes,spotify:track:7jdEDKAHNXcGZq3TFj3GWQ,
Romance,I Am Trying To Break Your Heart (Obey),Yes,spotify:track:1RjDQj2MjfYZuIiMu0DGKd,
Ennio Morricone,Con Estrema Dolcezza,Yes,spotify:track:7GnV38jiFd9hRFCSAVIZQK,
Broadcast,I Found The End,Yes,spotify:track:1jQFq4gbWxsU8JOZuxqwlP,
Gianni Gebbia,Zurbaran,Yes,,
Polysick,A3,Yes,,
Savvas Metaxas,Magnetic Loops III,Yes,,
Dj Semitone,Sunset Music 2,Yes,,
020baby,Synethnausea,Yes,,
Nine Inch Nails,A Warm Place,Yes,spotify:track:1HsjoAytWxKDxjAV6dLGxW,
Sensorica Vs Jin Key,Only One,Yes,,
Deadmau5,Monophobia,Yes,spotify:track:1mekHae3Rj2GQPM670FRJV,
"Chicane, Disco Citizens",Sunstroke (Disco Citizens (On The Train Remix)),Yes,spotify:track:4rG8lYKTQvJTscvD9orkXW,
Daniel.Mp3,3 Am Walk (Slowed & Reverb Version),Yes,spotify:track:1miBMMwRKSCL6RItKHbXuR,
Madonna,Skin,Yes,spotify:track:3EdOkdjZAkSHfZJYPYJ78K,
VilloVilduVeta,Paradise Hotel,Yes,spotify:track:4QsmOQqUYW3SafWFJNgHPh,
Dominic Plaza,Sounds Rushing (Original Mix),Yes,,
Salem,Sunrise,Yes,,
Skunk Anansie,Brazen 'Weep',Yes,spotify:track:1mSVdpc7uHEXYfKVtHd1su,
Hole In One,Spiritual Ideas For Virtual Reality,Yes,spotify:track:7y7218KyPOZ8UXHDbUwiew,
Dennis Ferrer X Jerome Syndenham,Sandcastles (Afterlife Mix),Yes,,
The Source Experience,Point Zero,Yes,spotify:track:7977OcQYWPo4CoT1hd93Ij,
"Sunlounger, Zara",Lost (Chill Out Mix),Yes,spotify:track:3QHknp2HMd7uHct6j4OOfE,
Torus,Enter The Sun,Yes,spotify:track:0BG0iW2jL9Fjm6HALJye6q,
Lokey,Inverse [dnbless],Yes,spotify:track:2gxPtyXuJ5fVBJLih2w2qC,
"Vince Watson, Loudeast, Nacho Marco",Bubbles (Loudeast Dirty Remix),Yes,,
Medway,Resurrection (Ambient Dub Mix),Yes,spotify:track:6rXixgqviLgP28yZhz15hS,
Sqvid,Emprisoning Sound On A Piece Of Wax (Original Mix),Yes,,
Friendzone,!!-Major,Yes,spotify:track:3yeesRlzPXpJMOhyCVWCSY,
"Ridgewalkers, El",Find (Original Mix),Yes,spotify:track:4u46gwEbQ6ldoyOYn5hin7,
Reload,The Enlightenment,Yes,,
"Three Drives On A Vinyl, Moonwatcher",Greece 2000 (Moonwatchers Remix),Yes,spotify:track:2JOqqKvC44XILinrnkY9cf,
"Three Drives, Man With No Name",Greece 2000 (Man With No Name Remix),Yes,,
Eric Prydz,Pjanoo (Club Mix),Yes,spotify:track:0noVd1VU93X8TEZMmpR3yN,
D. Edwards,I Love Sloane,Yes,,
Oliver Coates,One Without,Yes,spotify:track:4YHgEFMzwpkey8YLCIkXt3,
Morton Feldman,Rothko Chapel,Yes,spotify:track:5QZB9CCviN1NlRNaGkNTcR,
Jura,Measures Of Its Own,Yes,spotify:track:4qpOSrD9qplfMIKxWiJgKv,
Great Area,Shipping,Yes,spotify:track:0O9havTTUkI5F5LitVgfYH,
Excepter,On Highway One,Yes,,
The Angelic Process,The Promise Of Snakes,Yes,spotify:track:46WOO9GoPEsmv4MwC9FK1D,
Paul Haslinger,Our Endless Summer,Yes,,
Madonna,Hollywood,Yes,spotify:track:4ixxz1GXB57Q6K2nbR4AwL,
Deadmau5,Strobe,Yes,spotify:track:7IQDEmE7TaADP1EmlPxv3T,
Antent,Your Eyes,Yes,spotify:track:1B7InQOrLMurk6hkP4DXUz,
Wulven,doomgaze socialism,Yes,spotify:track:3vkhBvWWjqZFoetzTQeGaR,
Cotton Mouth,Unborn,Yes,,
Ethel Cain,Televangelism,Yes,spotify:track:6jd7Cv7yfWGTs7g89eA9Ss,
Paul van Dyk,Introjection,Yes,spotify:track:6qB95aPEYyFVdvOQuOiQhs,
Gigi Masin,Call Me,Yes,spotify:track:3YmZ8V92nqVKx6u1lohFCC,
Matvey Emerson,Prizma (Ambient),Yes,spotify:track:0JLcmRZy9BO9vIWjGJe1pV,
7038634357,Focus,Yes,spotify:track:56f7vhE75oXg2mIECiDu0h,
Andy Duguid,Don’t Belong,Yes,spotify:track:0tsU4X0uKBp5VUR5QmZwot,
bvdub,Tatttered Wings Still Fly,Yes,,
Soho,Flyin' Madness (Club Mix),Yes,,
Varg2tm,A Weak Heart To Break,Yes,,
Evian Christ,Ultra,Yes,spotify:track:1G4L4D98mOYhdstFUaUMmX,
Vince Watson,Rendez-Vous,Yes,,
Windowseeker,Wish U,Yes,,
"Usual Aspect, The Thrillseekers, Steve Helstrip",Mr Blue (The Thrillseekers Remix),Yes,,
Malibu,The Things That Fade,Yes,spotify:track:4Jlke4AshgHUQjKKXi3BbG,
"Fu Man Choo, Praha",Outlaw (Praha Remix),Yes,,
T0ni,Trust Goes Both Ways,Yes,spotify:track:44YAjGu3fS9a5BYmXj8oDQ,
Salt Tank,Pacific Diva,Yes,,
David Granström,Sapphirevisions,Yes,,
You’ll Never Get To Heaven,Closer,Yes,spotify:track:0ApqZTr6iidAnYt8XomYMG,
Bladee,Uriel Outro,Yes,spotify:track:6SJUijraKdzwx3NPIaIvnw,
Sonorous,Protonic (Original Mix),Yes,,
16120world/Life_adversity,</3,Yes,,
"Cygnus X, Rank 1",Superstring (Rank 1 Remix),Yes,spotify:track:7ubtDZozp38SHSqUMXZvi5,
Cygnus X,Positron (2002 Vocal Version),Yes,spotify:track:5wIcs6iBNJ2utceQqnOpI1,
Cygnus X,Superstring (Live At Sensation),Yes,spotify:track:52nMBE94lpErrG3vyA3NvH,
"Cygnus X, Rank 1",Superstring (Rank 1's Deep Dub),Yes,spotify:track:3wwxFxVzLxK4ROomAlVyy1,
"Above & Beyond, OceanLab",Satellite (Radio Edit),Yes,spotify:track:54gsBdyfh7l5DFgc5sHhQW,
"Model 500, Echospace",Starlight (Echospace Dub),Yes,spotify:track:3rDrptE4G7nuqaMRXP9fjl,
Sasha,Healer,Yes,spotify:track:40hoBcKSyIvIzYdSepTQay,
Karman,Evolutionary Demise Of Man Part I & II,Yes,spotify:track:6vEXpab8BY6bARqxzCE103,
Emil F,15 Nov,Yes,,
"Model 500, Intrusion",Starlight (Intrusion Dub),Yes,spotify:track:7czQBBTaEaNFjbrFUVaCA8,
Torus,Circles,Yes,spotify:track:1TuqW4aQbYivWFxphOjsYO,
Alvedon,Retire (Final),Yes,spotify:track:1hwX5UMu9aUV44INM8GdPv,
Luminary,Amsterdam (Original Mix),Yes,spotify:track:5PR2sLygBIcY1hQvHR4R5d,
Disasterpiece,The Sound Of Myself,Yes,,
Leandro Fresco,Sol De Medianoche,Yes,spotify:track:3iQOAapZOPs7b0er7DjR6J,
Mirco de Govia,Voller Sterne,Yes,,
Pat_16120,7heavens,Yes,,
Torus,Circles,Yes,spotify:track:1TuqW4aQbYivWFxphOjsYO,
BT,Lullaby For Gaia,Yes,,
Malibu,??,Yes,,
Deadmau5,Jaded,Yes,spotify:track:2AuYtt0mlYy4vbK5oHDStV,
Andy Duguid,Don’t Belong,Yes,spotify:track:0tsU4X0uKBp5VUR5QmZwot,
"StoneBridge, Therese, Claes Rosen",Put 'Em High (Claes Rosen Lounge Mix),Yes,spotify:track:4oHH34J1DnEFUzVLYvqUqT,
Merely,Book Of Hours,Yes,spotify:track:05J3u6OiBPn8nfmTy9EMLU,
Torus,Deep Mid (Sport DJ Hackney Parrot Mix),Yes,,
"Teams, No Human Syndicate",When Do You Feel Lonely,Yes,,
Burial,Exokind,Yes,spotify:track:13et7QVyCoUBcU9ekM59qj,
Accadia,Blind Visions (Accadia Ambient Mix),Yes,spotify:track:1qGH8rRalgtd8eqGkF9fOY,
Sport DJ,Angel In Disguise (Dark0 X Taylor Swift),Yes,,
Motoi Sakuraba,Nameless Song,Yes,spotify:track:4RKwAD4t3gDRquVCJZqedR,
Sport DJ,Counterguardian That Never Sleeps (UIF Mix),Yes,,
Sport DJ,Natsukage (Edit),Yes,,
Lia,Natsukage,Yes,,
"Elysia Crampton, Money Allah",Moth,Yes,,
Andy Duguid,Don’t Belong,Yes,spotify:track:0tsU4X0uKBp5VUR5QmZwot,
Malibu,So Far Out Of Love,Yes,spotify:track:6KhlkE9KmaMwxDCfRvCrFr,
DT8 Project,Perfect World,Yes,spotify:track:3JHdQMieK5zPYjChetQ47Y,
"Markus Schulz, Elevation",Clear Blue (Intro Mix),Yes,spotify:track:3dBwGEX9kwk6ZR7H3zhnu4,
Hammock,Words You Said…I’ll Never Forget You Now,Yes,spotify:track:31hoeBbnj66zWDHlIHci15,
Rank1,Such Is Life (Live At Sensation),Yes,,
Agnelli & Nelson,Everyday,Yes,spotify:track:23rhMeajPzNZBSQuLeWCVY,
Akuratyde,Permanence,Yes,spotify:track:3elfbDDkoH5NlaEJyGQ3rq,
Larnark Artefax,Ferthenheap,Yes,,
Malibu,The Things That Fade,Yes,spotify:track:4Jlke4AshgHUQjKKXi3BbG,
Malibu,So Far Out Of Love,Yes,spotify:track:6KhlkE9KmaMwxDCfRvCrFr,
Malibu,Atlantic Diva,Yes,spotify:track:5Rvvv94WBHJ7xBTv4wDqzV,
Malibu,Cheirosa '94,Yes,spotify:track:7qeQCfgmmHohjFCv2SOlA7,
Malibu,Iliad,Yes,spotify:track:3WOQrwzk66ACqHOu1l8zBp,
Purl,Sprickor Av Ljus,Yes,spotify:track:1w9doy4v2kh40RMBPoc97w,
Eternell,Mira,Yes,spotify:track:2fnOqI8zN1VYYlup3H1zJS,
ElDera,Allure,Yes,spotify:track:5UFazXRjsiXgcDR9bcI1xk,
"Chicane, Thomas Datt",Offshore (Thomas Datt Remix),Yes,spotify:track:6zPmHiz8xHtvoK8SCdkk4Q,
Ilya Malyuev,Broken Dreams,Yes,,
Violet Lights,South Along The Animas,Yes,,
Deepchord,Immersion II,Yes,spotify:track:02km7D0fHYubTWVyPoPR2c,
Tangerine Dream,Love On A Real Train,Yes,spotify:track:7fjQQn4skGq1asKv0vY00s,
"Chicane, Salttank, Mea Culpa",Leaving Town (Mea Culpa Full Remix),Yes,,
Mike Foyle,Shipwrecked (Sean Tyas Remix),Yes,spotify:track:55IKQnTJUID8bSXhGGFxhg,
Synkro,Last Breath,Yes,spotify:track:5Lb8cQ8C7cBnaOxyZZcA3P,
York,Dying Star (Chill Out Mix),Yes,spotify:track:1jgO0igsrj8o4VBNRSq3mB,
Malibu,Unknown Track,Yes,,
Joker Jam,Innocence (Chill-Out Intro),Yes,spotify:track:2F6awbj6pdYopcjkL1sCde,
Glenn Morrison,Blue Skies With Linda,Yes,spotify:track:42IseYIdLapoWmHY5WaNeA,
Lokey,Inverse [dnbless],Yes,spotify:track:2gxPtyXuJ5fVBJLih2w2qC,
"Billy Ray Martin, Chicane",Honey (Chicane Remix),Yes,spotify:track:05jmUaXBgzajZtzBwhXrkc,
Lucid,I Can't Help Myself (Re-Con Remix),Yes,,
Malibu,The Things That Fade,Yes,spotify:track:4Jlke4AshgHUQjKKXi3BbG,
Anima,Enough,Yes,,
Digger,Nanuki,Yes,,
Sport Dj,Stone (Cares Remix),Yes,,
Malibu,Iliad II (Light Over Me),Yes,,
Cotton Mouth,Hoofprints 03 (Uif Version),Yes,,
Cotton Mouth,Snow Leopard (Uif Version),Yes,,
Cotton Mouth,Fdd+F (Uif Version),Yes,,
Reagenz,Shibuya Day,Yes,spotify:track:6Bn9KvDUz4u0zrSJVYpzBS,
Tetsu Inoue,Mini Moon,Yes,,
Ezra V,Mmissingg,Yes,,
Malibu,One Life,Yes,spotify:track:4U9V0QzTJayPv31U1iJrU2,
Pat16120,L0ve L3tt3rs,Yes,,
Gojira,Ambient Instrumental,Yes,,
"Bladee, Thaiboy Digital",Side By Side,Yes,spotify:track:4f4q4xqoQEx6E0IyrNLkYS,
Ulla,Billow,Yes,,
Aestum,Salomé ,Yes,spotify:track:1itD1ruju4Elmjrb6zZ3VD,
Future Sound Of London,Everyone In The World Is Doing Something Without Me,Yes,spotify:track:70f2DneJn1NmUO4NM3QpCo,
Bliss Signal,Endless Rush,Yes,spotify:track:6eYq9AMypQ56uEZQfl0UYd,
Torus,Unknown Track,Yes,,
Malibu,Unknown Track,Yes,,
Pat16120,Fantasyy,Yes,,
Infinite Body,A Fool Persists,Yes,spotify:track:2ooyRET1cVv6x7tmMrIrG6,
Joanne Robertson X Dean Blunt,Pusher,Yes,,
SymphoCat,Long Whale Song,Yes,spotify:track:47UkAwI7ygrMl6JZ5ZExPQ,
Evian Christ,Ultra,Yes,spotify:track:1G4L4D98mOYhdstFUaUMmX,
Grouper,Cloud In Places,Yes,spotify:track:0diPy4X3fZ253nxtUXXitO,
Malibu,Unknown Track,Yes,,
Sea Oleena,Calvisius,Yes,spotify:track:5SoOY8U0MlONNVPAD7I9BS,
Jacaszek,To Perenna,Yes,spotify:track:5RbjuxoC0gocrtRbaoJRO0,
You'll Never Get To Heaven,Disillusionment For The Emotional Type,Yes,spotify:track:29iw7VUD7qic7XiTyNGweR,
Nuages,Calling,Yes,spotify:track:7yMDFLGlwiMNwE2of7EBXm,
Raum,Walk Together,Yes,spotify:track:11iVBIeR15Fb9LjldGnSs5,
Massive Attack Vs. Burial,Paradise Circus,Yes,,
Nuages,Unknown Track,Yes,,
DJ Lostboi,Don't Worry (Child Mix),Yes,spotify:track:0j9Waqd2mmYCStV7YiLgxQ,
Konx-Om-Pax,At The Lake,Yes,spotify:track:2qJxJMJ00uSPNx64SHhyqw,
Veni Sohn,Aletheia,Yes,,
Torus,Like The Night,Yes,,
3xl,Outer,Yes,,
Chihei Hatakeyama,Black Swallow II,Yes,spotify:track:4Vi503dMok7LEMCTeVBVOx,
Duster,Instrumental,Yes,,
Salem,Sunrise,Yes,,
Malibu,Unknown Track,Yes,,
Lana Del Rey,Burnt Norton (Interlude),Yes,spotify:track:14Oj2lH9MMI761zeGgnsyR,
Dylan Henner,Angels Made A Ring Around Them,Yes,spotify:track:5oQBpQGUgIfTFDtD3PEkkR,
Malibu,Unknown Track,Yes,,
Joker Jam,Innocence (Tribal Mix),Yes,spotify:track:2eOSLJyvf90yOE34AI4zXk,
Enigma,The Voice Of Enigma,Yes,spotify:track:4gPuYeIEZRutUTkLCpOrdP,
Malibu,Unknown Track,Yes,,
Ethel Cain,August Underground,Yes,spotify:track:3JuoY84eCBqfDPb0Caggcg,
Tangerine Dream,The Dream Is Always The Same,Yes,spotify:track:4Fiiq4o2i2UGFteQSTEUjv,
SolarQuest,Perihelion,Yes,,
Nalin & Kane,Beachball (Sea Side Mix),Yes,spotify:track:6q3LgSoxyZ4CjnMraHsTqO,
Saint Etienne,Only Love Can Break Your Heart,Yes,spotify:track:2l2JonC9Mmrqs5sC7G0SlD,
Maor Levi,Take Your Love (Extended Mix),Yes,spotify:track:0t53oZMMDY8JgxaxbNcVzL,
E.S.P.,Frostbit,Yes,,
Tohji,Oreo (Malibu Seven Seas Semix (Esp Edit)),Yes,,
Bambinodj,Lost Riddim,Yes,spotify:track:3p4nUGU6oQS25jjUVJgPDe,
"Repulsive Force, Mikkel Rev",Forbidden Worlds (Mikkel Rev Remix),Yes,,
Esp,Unknown Track,Yes,,
3xl,One Kiss,Yes,,
Sport Dj,Soft Focus,Yes,,
Evian Christ,Ultra (Malibu Iliad Vs Clairo Harbor Mix),Yes,,
Esp,Vip,Yes,,
Scope,Bacchanal (Beta Mix),Yes,,
Anima,Hoplite2000,Yes,,
Aeva,Castle Walls,Yes,spotify:track:6NltiaJpdVd6uBRPCTgMnK,
Special Guest DJ,Waiting For The Stars To Change,Yes,,
Bladee,The Silent Boy Cries (Rs) Outro,Yes,,
"aamourocean, Lil Mystic",I Find Love (Lil Mystic Remix),Yes,,
"Leama, Northface",Melodica (Northface Mix),Yes,spotify:track:3yDnLVFzqVpoNHFoe88Q7Z,
M.I.K.E.,Believe In Miracles,Yes,spotify:track:4DpNRKcR7u9hHj3tFeX5De,
Malibu,Unknown Track,Yes,,
"Clams Casino, Imogen Heap",I'm God ,Yes,spotify:track:4cbNKzrl5ruqi4cRW09FPp,
bvdub,Would It Be The Same,Yes,spotify:track:6rnSWObbEJdGT6du83lSMZ,
Unclubbed With Gerard O’connell,Only Love Can Break Your Heart,Yes,,
Enigma,Return To Innocence,Yes,spotify:track:2UKkLqST2xWpK8n1b0Xr5Z,
Sport Dj,Shell Of Light,Yes,,
Ana Caprix,Hart Panteth,Yes,spotify:track:1V9Zh2GQQkmqWDg609noS6,
Spooky,Belong (Echospace Mix),Yes,spotify:track:61QR07M3Gef3AAlAFEQwXk,
Malibu,Unknown Track,Yes,,
bvdub,Will You Know Where To Find Me,Yes,spotify:track:1lIBx9sL6BLiXrKP6p3Dqa,
"Evolution, Jayn Hanna",Walking On Fire (Original Mix),Yes,,
Mica Levi,Blue Shit,Yes,spotify:track:3ImFKblupPLY9oE5kMXhxJ,
Kareem Lofty,Fr3sh,Yes,,
Tera Octe,Un1ted,Yes,spotify:track:5EimHvS7C6uWdJPuiITSah,
"Ascension, Signum",Someone (Signum Dub Remix),Yes,spotify:track:0utDnRTduMarrHPtBBnDy4,
Barker,Look How Hard I've Tried,Yes,spotify:track:6GNXHie8d6aN0rxFMnj2tx,
TDJ,Pushed You Away,Yes,spotify:track:3c20TW6uMGfMqDqi0Co2Ht,
Unknown Artist,Exo,Yes,spotify:track:5eZCf1vPLl6Usg1zTdJMtk,
Atlantis Vs Avatar Ft. Miriam Stockley,Fiji (Lange Remix),Yes,,
Above & Beyond,Sun In Your Eyes,Yes,spotify:track:57HLbw5C35P2CjpNJ9ALuS,
Tdj,Closer [Unreleased],Yes,,
Tdj,Lalala (Iceboi2006 Remix) [Unreleased],Yes,,
Nova Nova,Elisa,Yes,spotify:track:5b6hH6ZP3koyibQOlGpHIx,
Kpax,Halo,Yes,spotify:track:5PgEf6C0hPgCOOw1tcBu57,
Torus,23,Yes,spotify:track:2BP54vmLS8Xdw294EuiH67,
CFCF,EnhancedCD,Yes,spotify:track:7yzR2aftxEQcyymUTPqD5R,
Mark Otten,Tranquility (Original Mix),Yes,spotify:track:13cTM1aVZ075aa83jw2Lq8,
500,Halcyon,Yes,spotify:track:0ezihIvFtO75NdRk7IWTP1,
Deep Forest,Le Réveil De Barnabé Part 1,Yes,,
Mark Dwane,Saucers Over Nazca,Yes,spotify:track:71sl22z0GoKZu1VNVU0SBP,
"Mirco de Govia, Ronski Speed",Asarja (Ronski Speed Mix),Yes,,
Araabmuzik,Twilight,Yes,,
Vivian Koch,Loving Kindness (Instrumental),Yes,spotify:track:2WwbjOXHz0VJUka8alOtIU,
Blank & Jones,Perfect Silence,Yes,spotify:track:2PYnrqxMzNffiKat5XXHBj,
Tom VR,Acheless,Yes,spotify:track:0zcZ0qnb16PxcSXWHvIWcf,
Robert Miles,Children,Yes,spotify:track:4wtR6HB3XekEengMX17cpc,
Poemme,At The Gates Of Dawn,Yes,spotify:track:1sBzwc8HfiOQ3ZipI9RuW6,
Paul Van Dyk,Galaxy (Future & Malibu Tribute),Yes,,
Yung Lean,Stars Align,Yes,spotify:track:1oqTsyfrbEnGwNyuN2gdCx,
Fakethias,Lullaby,Yes,spotify:track:6429hbFJlx3IxBTON6jaW8,
Erin Hopes,Dare 2 Dream,Yes,spotify:track:5kOSxuLqecnmFghXp4vN6L,
Cliff Martinez,When Twins Collide,Yes,spotify:track:6Scd1WVrhW2ySxKAMgrvI3,
"36, Awakened Souls",Ripples (36 After Dark Version),Yes,spotify:track:2gCzNknEvRclWSknkujPbp,
Elusin,Mein Herz Brennt (Extended Cello Rendition),Yes,,
Nils Sandgren,Daytona 386,Yes,,
Nils Sandgren,Berceuse De Jardin,Yes,,
Chromatics,Into The Black,Yes,spotify:track:7MXlRIl901aXfJ2oSGn0E2,
Slacker,Best Boyfriend (Slacker's Hymn To Her),Yes,,
"M6, Exael",Amazon Dawn (Exael Ambient Edit),Yes,,
Max Graham Ft. Jessica Jacobs,I Know You’re Gone,Yes,,
Sport Dj,Natsukage,Yes,,
Moa Pillar,And The Moon Stopped,Yes,spotify:track:7tooIogtJZXeQtjLpAAG96,
Aires,Pink Freckles (Vanity Productions Remix),Yes,spotify:track:6jVW0chkw2TdZTnugvg7l9,
"Bladee, Ecco2k",Heaven Sings,Yes,spotify:track:0WK9wiVliZ1xybNZqsbJAv,
"Deep Forest, Oyme",Oyme's Song,Yes,spotify:track:5q2DoaI2dcRhhxMS0SYrE5,
"Sunblind, NuNRG",Believe (NuNRG Remix),Yes,,
Torus,Earth VIP (Styler),Yes,,
Marcel Woods,Cherry Blossom (TE Mix),Yes,spotify:track:0Vo5x9egnDZNqxLxZIxbKP,
FUSE,Nitedrive,Yes,,
"Hydra, Backbeat",Affinity (Backbeat Rmx),Yes,,
"Ferry Corsten, Thrillseekers",Sublime (Thrillseekers Remix),Yes,spotify:track:46oBaXbjtaHKpbPXNO6qBQ,
Digger,Church Of Ra,Yes,spotify:track:6tpdxSXbeUjgR4M1niXzWR,
Softie,Pond Eyes,Yes,,
Lady Gaga,Monster,Yes,spotify:track:2WgyOP8Z1D6GQYumCwH4Dk,
10  cc,I'm Not In Love,Yes,spotify:track:5HQEmiV2lKnSO6qa2fsR7x,
Yoshitaka Hikawa,Or,Yes,spotify:track:53CYret99rB5eIRDIKPAkv,
The Auranaut,People Want To Be Needed (Original Mix),Yes,spotify:track:0d5SyZvJ2hOdQJ1qhny96W,
"Tilt, Gift",New Day (Gift Ambient Mix),Yes,spotify:track:0c99CeyMm3MuMdFcvXaRzR,
Evian Christ,Ultra,Yes,spotify:track:1G4L4D98mOYhdstFUaUMmX,
Tom Middleton,HEVA (Ambient Mix),Yes,spotify:track:5nMub1l2s9cfErg68LqgMx,
Malibu,Unknown Track,Yes,,
Art Of Trance,Madagascar,Yes,,
Sasha,Celestial,Yes,,
Thomas Newman,April,Yes,spotify:track:4BfGC3oSHhuwVcU6NUyebj,
Malibu,Unknown Track,Yes,,
Imogen Heap,Headlock,Yes,spotify:track:63Pi2NAx5yCgeLhCTOrEou,
Airflo,Drowsy,Yes,,
Rival Consoles,Sudden Awareness Of Now,Yes,spotify:track:5JRxI8vQjnsbb2kRtHOGVj,
L Dg,Isle Of Formentera (Ciree’s Balearic Intro Mix),Yes,,
Oklou,God’s Chariots,Yes,spotify:track:0ffiD4SYlHEifVwzBdPqd7,
Angel,Stellenbosch University Choir,Yes,,
Elysia Crampton,Clairo W Dj Oner,Yes,,
Tears For Fears,The Tipping Point,Yes,spotify:track:19ug3juWuv5wxSNZzTnFZ5,
Porter Robinson X Trent Reznor X Cherrie,Language/SoulOST/1000 Timmar,Yes,,
Quit Life,Somewhere,Yes,spotify:track:3o5HcEjnTIrG9HidaKGy0W,
AIR,Empty House,Yes,spotify:track:1Dmw6eyEuKScrkh2Y8l4fb,
Max Richter X Fetty Wap,Dopamine Again,Yes,,
Onoken,Blue Orb,Yes,,
Anima,Unknown Track,Yes,,
Anima,Unknown Track,Yes,,
Rusko,Somebody To Love,Yes,spotify:track:2je6HUybG90V8CgDX89CUb,
2π,La Nuit,Yes,,
"Orbital, ANNA",Belfast (ANNA Ambient Remix),Yes,spotify:track:7Awe268GEq2DqMK113GX9J,
Anima,Wheat,Yes,,
Bladee,Only One,Yes,spotify:track:0EdsDO99vzMAivjsmCBBCT,
Malibu,Unknown Track,Yes,,
Lone,First Born Seconds,Yes,spotify:track:6kIzLlzrubDHFolmrvWk5N,
Mychael Danna & Tim Clément,To The Land Beneath The Waves,Yes,spotify:track:0c0vvLGedJbk7ORewSuEKq,
Chicane,So Far Out To Sea,Yes,spotify:track:7fOLUmk19tTV9XgY2AYdup,
Cosmic Gate Ft Jan Johnston,I Feel Wonderful (AM To PM Mix),Yes,,
Dj Lostboi,Unknown Track,Yes,,
Underworld,Slow Slippy,Yes,spotify:track:1AYDeUg6Tzj31KEUIOr1IP,
Svibovitch,R,Yes,spotify:track:1kiaRE6LzmQKjRtQast4cZ,
Bliss Signal,N16 Drift,Yes,spotify:track:0i0fugziwGw8kW6H7MIkH9,
Leo Dolgan,Ocean & Prayers,Yes,spotify:track:7It59wYiwBXtzUYrKNtFBt,
Star,Ray,Yes,,
Airflo,Day One,Yes,,
Hoyeon Jung,Sae-Byeok,Yes,,
Aestum,Untitled,Yes,,
Sport Dj,A City That Never Sleeps,Yes,,
Dikolson,Wasp Nest In A Shape Of Skull,Yes,,
Nthng,Unfinished,Yes,spotify:track:7uRnQh9xBFJDBI7YxofH03,
Aestum,Hymnus,Yes,spotify:track:0MiQX7dd0YI9CWuBqLgGzN,
Olga+Jozef,7B2,Yes,,
Avalanche Death,You Dream Of Heaven,Yes,,
Anima,Speechless,Yes,,
Sport Dj,A City That Never Sleeps,Yes,,
Vangelis,Voice Of The Mountains,Yes,,
Global Communication,12 18,Yes,spotify:track:2Z93oXOAFAqkH0bQeVHdQ0,
Anima,New Existential Flight Mechanism,Yes,,
Nuages,Aware,Yes,,
"Calvin Harris, Ayah Marar",Thinking About You,Yes,spotify:track:1KtD0xaLAikgIt5tPbteZQ,
Ana Caprix,Powerlines Run Through Clubland,Yes,,
Friendzone,Soil (Demo Version),Yes,,
Concave Reflection,Wide Circle,Yes,,
Slacker,Let These Waves Wash Upon You,Yes,spotify:track:3eKEQNinatDcFN6ZPPJiLi,
Illuvia,Sea Of Crises,Yes,spotify:track:6LKOvmjfLacq23B4oGEdka,
Icon,Desire (Icarus Mix),Yes,spotify:track:4Ly8lDgi6dTF0QbZiqrK2X,
Space Afrika,Ladybird Drone,Yes,spotify:track:25la6K8VNVWP52zcC389nO,
"Angelina, DJ Shog",Pictures Of You (DJ Shog Remix),Yes,spotify:track:6bUz6MaL6zdjQxNRQsrnDp,
ATB,IntenCity,Yes,,
Seduction,just be again (Basement Mix),Yes,,
"Rachael Starr, Moonbeam",To Forever (Moonbeam Remix),Yes,spotify:track:1PpKg6ab9MJQP1kGZtNMTH,
Two Heavens,X9888,Yes,,
"Benz & MD, Greenwave",Visceral (Greenwave Atmo Ambient Mix),Yes,,
"bvdub, Loscil",Moirai,Yes,spotify:track:0LWOn1spJpRCpO98heaY4E,
Poemme,Tomorrow,Yes,spotify:track:6qUa1TVb99tZfQjFY4jmUU,
Eric Serra,Strange Feelings,Yes,spotify:track:1faBB0gMH4g5r1ipSf35VF,
"Pablo Gargano, Nimrod",Absolution (Nimrod Rmx),Yes,,
Airbase,Tangerine,Yes,spotify:track:2Ylo6zpCmXT91WwWUbQHIW,
Michael Whalen,Part Two : Journey Towards The Sunrise,Yes,spotify:track:5c4FcedR7EhARvTnMuWZUq,
"Art Of Trance, Michael Woods",Madagascar (Michael Woods Chillout Mix),Yes,spotify:track:58Zr8GJsFklHblg1RFZdKm,
Ana Caprix,Terminal,Yes,,
Malibu,Unknown Track,Yes,,
Slowdive,Erik's Song,Yes,spotify:track:0QwLXiZIF9wFkEGW9INVOe,
Grouper,Unclean Mind,Yes,spotify:track:1KoXckcdNDUFPu0MPMIG9Y,
Ag Cook,Gold Leaf,Yes,spotify:track:663DgGllN6cFFltvzLJ990,
Yves Tumor,Limerence,Yes,spotify:track:2wiV5iKq5F5A0KUee4OrlK,
Hammock,Together Alone,Yes,spotify:track:5vsM2dLOcZRljhNgGj10lm,
Evian Christ,Duga-3,Yes,,
Leandro Fresco,Brenda,Yes,spotify:track:2L06GdkgyJPQMNncvoQuMh,
"Bladee, Mechatok",Sun,Yes,spotify:track:2C8ASdLCt4wokyvha6b0kC,
Mychael Danna,Dog Track Drizzle,Yes,spotify:track:0jkOiCZFlLepu1RNzfHYUN,
Ssaliva,The Stars Up Above,Yes,spotify:track:5Cc2Kkrk7yHpB4exSo4x2O,
Grouper,Poison Tree,Yes,spotify:track:60mDV7sxCXbclEN2wSeI54,
Sun City Girls,3D Girls,Yes,,
Estuera,Tales From The South,Yes,spotify:track:3rUMXs6PEBDHksEQfenfpM,
Mirrorring,Cliffs,Yes,spotify:track:4Ybq384sq7OBZlmS503Arz,
Anima,No More Dreams,Yes,,
The Sundays,Wild Horses,Yes,spotify:track:418gyIJdAZSZisVdzDXLNc,
Beck,Morning,Yes,spotify:track:65tH2GPMFCt8JtM2PM3MiX,
"Max B, Haze",Profiling,Yes,spotify:track:63Eom4mIPYVjMiRzcXrYCZ,
Ariana Grande,Into You,Yes,spotify:track:63y6xWR4gXz7bnUGOk8iI6,
Kodak Black,Helluva Love,Yes,spotify:track:4wP9vFS6qutVoXcAGgbwUi,
Shola Ama,Run To Me,Yes,spotify:track:1rN9hM2FnaUg5HoVYRtuKK,
Chaka Khan,Through The Fire,Yes,spotify:track:7gh2v4IHnxdiwSgA6xluhe,
Yung Beef,Intro,Yes,spotify:track:5E8CUBhvtBzLVF5JQUaypj,
"Bun B, David Banner, Eightball & M.J.G., Rick Ross",You're Everything (Radio),Yes,,
Bladee,Bby,Yes,spotify:track:2LrO5ZXYYufowjFzJk2lmM,
"Ariana, Miley, Lana",Dont Call Me Angel,Yes,,
Dark0,Shining Star,Yes,spotify:track:7irDybhGY1HtUM7iL2QzFq,
Mssingno,Reap,Yes,,
Malibu,Tilting On Windmills,Yes,spotify:track:7mvnU6KO4nC2C37BrbF4YL,
Fayt,Bluesclues,Yes,,
A. G. Cook,Polyphloisboisterous,Yes,spotify:track:1KxUaXFU3zuVHcQgx5hNLv,
Blanck Mass,Creature/West Fuqua,Yes,spotify:track:6bhS0nyvov2xwJS9H1RtxK,
Mssingno,Untitled,Yes,,
"Scorcher, Ghetto, Mercston, Wretch 32",Used To Be,Yes,,
Wewantwraiths,Know You,Yes,spotify:track:4Iu79YQJG8AHpyLzMAkzeu,
Serpentwithfeet,Flickering (Mssingno Edit),Yes,,
Visionist,The Fold,Yes,spotify:track:40q46qvfgHqjQM4oEMrnBz,
Himera,??? (Malibu Mix),Yes,,
Igneous Flame,Zephyr,Yes,spotify:track:69YqoFrpyqen0Hi0RG5Sc9,
Lorn,Spinning In A Dream,Yes,spotify:track:46feKcjCnZnJlzf5lZ8dFe,
DJ Lostboi,EVENINGS IN BELAS,Yes,spotify:track:6v3dqgdc8bFkFc5FXr6fJD,
4 Strings,Day Time,Yes,,
Damso,911,Yes,spotify:track:7dwpOFDXpSvj9q3GuOFxYE,
Unknown Artist,Lived To Tell Mix,Yes,,
John T. Gast,Shanti-Ites,Yes,spotify:track:7fvzto8HfCr0JRF4J2bjf1,
Stenny,Fast Fade,Yes,,
Salem,Ache,Yes,,
Dj Lostboi,Don’t Worry (Child Mix),Yes,spotify:track:0j9Waqd2mmYCStV7YiLgxQ,
P. Quick,Steal The Aircraft 6151 BC,Yes,spotify:track:0TSZ8Daz4aHgpv3U2ou3Fa,
HTRK,Bio,Yes,spotify:track:7kq0K3sJywhA3J4MCh8s8z,
Space Afrika,Dairy Day,Yes,,
Space Afrika,riot ambi,Yes,,
Anatolian Weapons,Beautiful Aura,Yes,,
Konduku,Belki Vs Torch Mix,Yes,,
Held,Land To Rehabilitate,Yes,spotify:track:18YYByJe3yoWW4SWOXDn8K,
2002,The Calling,Yes,spotify:track:74sFyQ1zyIMBOIr3Prv0UU,
Sky H1 & Soho Rezanejad,Animal,Yes,spotify:track:5IRxejifYPOPNSe4CayLzM,
Malibu,Unknown Track,Yes,,
500,Deliverance	,Yes,spotify:track:3YxnrVbe63t26fqLz0XPO0,
Orbital,Are We Here?,Yes,spotify:track:157A88FBT59qbU42f4lPXQ,
Scot Project,L (Want Your Love),Yes,,
Pauline Anna Strom,Morning Splendor,Yes,spotify:track:5BfnCpWSG8cirVL9FNUDzz,
Poemme,At The Gates Of Dawn,Yes,spotify:track:1sBzwc8HfiOQ3ZipI9RuW6,
Enchanted Lands,The Land Permeated By Spirit,Yes,,
Otro,Suburbia (Fog $ Hash),Yes,spotify:track:4Pwx4OSVNPT7Ikjwcgu13K,
Tomasz Bednarczyk,Episode 4: Brøndby Beach Waves,Yes,,
Himera,Keep This Between Us,Yes,,
Anima,G00dbye,Yes,,
Philip Jeck,Arcade,Yes,spotify:track:1iU2fbQ5PRVo9QCVyFJqA0,
Eterna,Garland Of Shame,Yes,spotify:track:70USZOC1mQEjtNCNahraqJ,
Detente,Dark Dream,Yes,,
Ulla,I Think My Tears Have Become Good,Yes,,
Yann Novak,Finding A Way To Live,Yes,spotify:track:6Xk6TN4Wc3O2fVv54KYhmk,
Torus,Radiate 625,Yes,,
In My Talons,Can’t Sleep Without You,Yes,,
Cameo Blush,Red Tarn,Yes,spotify:track:1psRW5KUM2BaRahQwAAoEx,
York,Dying Star (Chill Out Mix),Yes,spotify:track:1jgO0igsrj8o4VBNRSq3mB,
Jam & Spoon,Stella,Yes,spotify:track:4xpb4uciTIVelhTvPdfZVD,
Gigi Masin,Call Me (Tiktok Version),Yes,,
"Riva, Dannii Minogue, Tall Paul",Who Do You Love Now? (Tall Paul Rmx),Yes,,
Malibu,Unknown Track,Yes,,
Sky H1 & Soho Rezanejad,Animal,Yes,spotify:track:5IRxejifYPOPNSe4CayLzM,
Malibu,Unknown Track,Yes,,
"Croatian Amor, Scandinavian Star",With Eyes Unclouded By Longing,Yes,spotify:track:6Bm1HcsOBtJEwxjnVQ7yE7,
Push,Strange World (2000 Remake),Yes,spotify:track:7iD2wBI87eTW6CNubpNe3c,
Doss,Strawberry,Yes,spotify:track:0kttqKdToPQupUgaBto3UM,
Malibu,Lost At Sea,Yes,spotify:track:1XJOrr8OTcB1D4u1mUM0vg,
araabMUZIK,Lost In A Maze,Yes,spotify:track:3NLN0NRYCVyyTgqXE0GMJq,
Deep Forest,Sweet Lullaby (Extended Remix),Yes,,
ML Buch,Stone Bridge,Yes,spotify:track:4Py5af0otRkY7XpsW0Esig,
Alex Somers,Between Us ,Yes,spotify:track:69feu9voJjksA6NtD36dmh,
"Brian Eno, Roger Eno",Manganese,Yes,spotify:track:30Bbt1VccBA5ywnsB29d4W,
Tim Hecker,Step Away From Konoyo,Yes,spotify:track:7iiSNaTl7uGAaLiKnQC9ot,
Mary Lattimore,Moon Over Deetjen's,Yes,,
"Oklou, Casey MQ",Everlasting,Yes,spotify:track:5SA4v99TFAHEk7va8mqNai,
Faten Kanaan,The North Wind ,Yes,spotify:track:4F3oKKJKOGZqiv5y82m6WR,
Unknown Artist,Untitled,Yes,spotify:track:7rrCyWhgMt49FiWp90xewE,
Robert Reiner,Aqua Viva,Yes,,
"Malibu, Evian Christ",One Life (Evian Christ Remix),Yes,spotify:track:5qHgFsXTfiOCISGwDW7e6j,
ishi vu,This is your Life,Yes,spotify:track:3Bq8lk2qUwEt7RK5B0nvta,
Justin Bieber,Hold On,Yes,spotify:track:1nahzW3kfMuwReTka28tH5,
Eric Serra,La Raya,Yes,spotify:track:10oGh8Tj8TDaunYRwGuvTN,
Di Leva,Till Den Oemotståndlige,Yes,spotify:track:2Hds3Zv2NLgUvhqwGNdJhE,
Unknown Artist,Untitled,Yes,spotify:track:7rrCyWhgMt49FiWp90xewE,
Dreamcatcher,Seventh Heaven,Yes,spotify:track:33NVPJcl3jcS6lsBuCqdRr,
James Newton Howard,Solomon Vandy,Yes,spotify:track:2bx0bDhlf5i70c2NYjtahs,
Gud,Fuck You All I’m Looking For Something,Yes,,
Charlie May,Crossing Point,Yes,,
Avril23,Canicule,Yes,,
Pulusha,Isolation (Part II),Yes,,
Tom Peterson,Drivez Me Crazy,Yes,spotify:track:4jGo9yF7hXZeqWXxbWgUiL,
Leandro Fresco,Buenos Amigos,Yes,spotify:track:4DbYur2VSL91kMyJuMZL5m,
Jonas Steurs,Second Turn,Yes,,
Unknown Artist,Unknown Track,Yes,spotify:track:47FlbrwMWmaaC87mkVbwcZ,
Mark Hellner,Cloudless Exit,Yes,,
Lokey,Inverse,Yes,spotify:track:4RhKaCnSthSSLFfkKXzFJf,
Malibu,Tilting On Windmills,Yes,spotify:track:7mvnU6KO4nC2C37BrbF4YL,
Terra Ferma,Lunar Sunrise,Yes,spotify:track:5SJYmwAAMQ2hb2fFHDDDvh,
Chicane,From Blue To Green,Yes,spotify:track:3jN0MrFj1ZY1BpQaLVeVue,
"Michael Price, Malibu",The Anatomy Of Clouds (Malibu Sweet Hereafter Remix),Yes,spotify:track:1eRpubYdTxJ2RtuOCu5hSg,
"Malibu, Evian Christ",One Life (Evian Christ Remix),Yes,spotify:track:5qHgFsXTfiOCISGwDW7e6j,
PAN-AL,Warp Speed in Arai Helmet,Yes,spotify:track:5NOtsJ3U1PiwBt8Qjk3t5V,
Lokey,Gibbous Pad Edit,Yes,,
Kaiba Ost,Initialize Me,Yes,,
"Mirco de Govia, Super8",Voller Sterne (Super8 Remix),Yes,spotify:track:5hwP7Ut1w4CjJrtVVcbBOW,
Molly Nilsson,Happiness (Lokey Edit),Yes,,
"P.O.S., Arksun",Gravity (Arksun's Voyage Mix),Yes,spotify:track:5UdmLbns4kNnZdyyTALB2D,
Overmono,Inulin,Yes,spotify:track:0jLs142Oa1eD0bNNDVgKZt,
Lokey,Lime,Yes,spotify:track:1zLOB5UsWah8oOXxW62DFd,
A Lily,Aerials Quiet And Death-Defying,Yes,spotify:track:5Pz3H0hE5yrcrv3PU7HFMI,
Grouper,I’m Clean Now,Yes,spotify:track:4qm8sWdYoXkdhMN8EL9mAL,
Ulla,I Think My Tears Have Become Good,Yes,,
Overmono,HR3,Yes,spotify:track:36nwXGy4PlAruBdEk63lmQ,
Tukan,Light A Rainbow (Vocals),Yes,,
Autechre,VLetrmx21,Yes,,
Com Truise,Gaussian,Yes,spotify:track:1iDP8S6YLuCcY2ScvqBFyX,
"Luke Slater, Scuba",Love (Scuba's Bagley Remix),Yes,spotify:track:3hJShMtONIc0Q4E09dP7TV,
Chicane Ft. Salt Tank,Leaving Town,Yes,,
"bvdub, Ian Hawgood",Nothing You Want Will Ever Come True,Yes,spotify:track:2N6SGNofGlCsKIKCXNg6ky,
"Sasha, Krister Linder, Layo & Bushwacka!",Cut Me Down (Layo & Bushwacka! Remix),Yes,spotify:track:7ncefsegkc9mPqXeTlhlgJ,
The Automatics Group,Roger Sanchez/Eric Prydz,Yes,,
Bladee,Westfield,Yes,spotify:track:4fI9NDKGs0LXj3GRdH1sCX,
Aponogeton,The Night Sky Is Falling,Yes,spotify:track:3as4sZTErLYy3RV9tGAmWS,
Bambi,Bliss Song,Yes,,
dedekind cut,Equity,Yes,spotify:track:1aZ1Id2j3p64HOL143nKeY,
Grouper,I'm Clean Now,Yes,spotify:track:4qm8sWdYoXkdhMN8EL9mAL,
Taylor Deupree,Minism,Yes,spotify:track:6bJVQy8VspBFEWHlaoxbY5,
Khotin,Levi's Synth,Yes,spotify:track:1ifw7nn9UrkIDrig7GJlIB,
Duval Timothy,First Rain,Yes,spotify:track:4wRsiCdYdbGgad8V7zEF5Q,
Bing & Ruth,Twtga,Yes,spotify:track:1iVAwCYuzG82TcremyxhCf,
Dario Marianelli,End Credits,Yes,,
Boards Of Canada,Audiotrack 04B,Yes,,
"Gigi Masin, Alessandro Monti",Stella Maris,Yes,,
Steve Haustchildt,Already Replaced,Yes,,
Substructure,Firewire,Yes,,
Gud,Hold This 4 Me,Yes,,
Hammock,Something Other Than Remaining,Yes,spotify:track:3ObeoHVZAmAzD6pHd8ZKhx,
Empire of the Sun,There’s No Need,Yes,spotify:track:27gswQEl27hwpnwfiTyjN7,
Simple Minds,A Brass Band In Africa,Yes,spotify:track:3yw7ceaToGmEFVSuBZzSzc,
M83,Midnight Souls Still Remain,Yes,spotify:track:4LLprVk2etuk2ZhUhqJTWD,
Gud,Whatever(End Of Time),Yes,,
Geotic,Lay In Warm Sand All Afternoon,Yes,spotify:track:29JvkoZHKBI23ImrxmFsJA,
Madonna,Skin,Yes,spotify:track:3EdOkdjZAkSHfZJYPYJ78K,
Malibu,Lost At Sea,Yes,spotify:track:1XJOrr8OTcB1D4u1mUM0vg,
Oleg Byonic,Broad Expense Of Heaven,Yes,,
Malibu,Nana (Like A Star Made For Me) ,Yes,spotify:track:6kMxzocRugxiovCq4GtmtY,
Lamb,Górecki,Yes,spotify:track:5VRkJsYcf9z4Wni19FxICi,
Malibu,Tilting On Windmills,Yes,spotify:track:7mvnU6KO4nC2C37BrbF4YL,
Cliff Martinez,La Cagaste,Yes,,
Way Out West,Intensify (Part 1),Yes,,
The Future Sound Of London,Papua New Guinea,Yes,spotify:track:5zh23oMbATQlWbwEe5U0KG,
"Malibu, John Beltran",Camargue (John Beltran Remix),Yes,spotify:track:76UnywrTcYzQ5OAAty7Z2u,
Malibu,Lost At Sea (Extended Live Version),Yes,,
Malibu,Lost At Sea (Kelly Moran Remix),Yes,spotify:track:26XyyAXLjXU4a1TVkwzjd0,
"Mike Oldfield, Clodagh Symonds, Francesca Robertson",Far Above The Clouds,Yes,spotify:track:3xkVh6XFQIEKTaaO0J9BBd,
Malibu,One Life,Yes,spotify:track:4U9V0QzTJayPv31U1iJrU2,
Evian Christ,Ultra,Yes,spotify:track:1G4L4D98mOYhdstFUaUMmX,
Madonna,Has To Be,Yes,spotify:track:08RH39JSIxRWygkpFnXXSC,
Planet Four,Cheise,Yes,,
Marco Madia,Landfall (Ambient Version),Yes,spotify:track:2dRMx5T7rvGfguuKwGXRcj,
How To Disappear Completely,Seraph X,Yes,spotify:track:1xDOffYtzPNRsVXJYhs1U5,
Purl,Thaw,Yes,spotify:track:5e6AnfGnAL5MJsFDT8Igd9,
Es Vedrá,La Hacienda,Yes,spotify:track:3t8a7K42a6it54d2S9EKH1,
Burning Pyre,Compassion As Commodity,Yes,spotify:track:6aoVftXolTvTp9x57yzdHF,
"Stina Nordenstam, Stevie Be-Zet",Little Star (Celestial Mix),Yes,,
"Rising Sun, The Ambientist",Give Me Love (The Ambientist Remix II),Yes,,
Chicane,Sunstroke,Yes,spotify:track:2oo1nsjxnv5Cd6H4nm8JiA,
"Solid Sessions, Chiller Twist",Janeiro (Chiller Twist Blue Line Remix),Yes,spotify:track:38DxIgTQS4vLT02hsd3JmZ,
Trance Wax,Manaya (Extended Mix),Yes,spotify:track:7flWLjuxNSvLqH6pwBo55I,
Global Experience,Malaysia,Yes,spotify:track:1zDoUa6BxW8uKjDqE7zaQH,
Salt Tank,Eugina (Malibu Pacific Diva Mix),Yes,,
Mr. V,Give Me Life (Mix I),Yes,spotify:track:4Hs7d044G8XeHCtgQa4wWc,
7038634357,Last Birthday,Yes,spotify:track:25naT00teN0liRYuaLx57X,
DJ Lostboi,Don't Worry (Child Mix),Yes,spotify:track:0j9Waqd2mmYCStV7YiLgxQ,
Capcom Sound Team,Serenity,Yes,spotify:track:1HLcwIkcblJElqQ9cvoZxr,
Sv1,Id,Yes,,
Dasychira,Ddream,Yes,spotify:track:2QAC0jggiS6JPmTAfcENb1,
"Keru Not Ever, Bianca Scout",Molloy,Yes,,
Lokey,Orosz Stretch,Yes,spotify:track:3kvlom6LhdcyYAvc52VzIe,
Stretch 500,Ballet,Yes,,
0comeups,Yat Wound,Yes,spotify:track:1ujhbUajEEZVHN2oQUYTHg,
Malibu,Held (Asmr),Yes,,
Cloneaid,Madeup (Currents),Yes,,
Himera,Remember (Piano Version),Yes,,
Bruised Skies,Chronal,Yes,spotify:track:5rIWVFuApoyluLR5lVQU13,
Himera,Peaceseeker,Yes,spotify:track:3HP6iKeplIfn2RUGNMOnbH,
Ecco2k,Bliss Fields,Yes,spotify:track:1u9CBHlnV40ou38loruwgy,
Malibu,Nana (Like A Star Made For Me) ,Yes,spotify:track:6kMxzocRugxiovCq4GtmtY,
Evian Christ,Ultra (Malibu Sunrise Mix),Yes,,
"Sasha, Krister Linder",Cut Me Down (Original Mix),Yes,,
Cedric Madden,Saved,Yes,,
An MLO Production,In Search Of Lost Time (Part 1),Yes,,
FKA Twigs,Sad Day ,Yes,spotify:track:68lrQ6jAW5cOyn7GX39uzz,
Sinead O’connor,Untitled,Yes,,
Leo Hoffsaes,Blue screen of death,Yes,spotify:track:1bopiPJFDkJbjJWpWUfIPc,
Patrick Cassidy Ft Sibeal,Mise Eire,Yes,,
Thin Red Line,Light And Darkness From Love,Yes,,
Hans Zimmer,God Yu Tekkem Laef Blong Mi,Yes,,
Mitski Mitski,Francis Forever (Bianca.Jpeg Cover),Yes,,
Ssaliva & Detente,Squier,Yes,,
Derrick Hodge,Ditto X2 Jam,Yes,,
John Beltran,One Of Those Mornings,Yes,spotify:track:53QFQBBlUCKElj2RgFxiOJ,
DETENTE,I Pass By,Yes,spotify:track:4xtzK79NbtVJotWvRZoIJr,
Julianna Barwick,Healing Is A Miracle,Yes,spotify:track:4HSt9uziEdRZ58MlgqezAy,
1991,Harm Autumn,Yes,spotify:track:6H6MmPDZivcm29bhpwsS1X,
Slowdive,J's Heaven,Yes,spotify:track:4g1zeUDCp2rWQnXrlDMC2C,
John Beltran,A Different Dream,Yes,spotify:track:6EVlQYAryrTucWQMBO5OdM,
"Paul Oakenfold, Cassandra Fox",Touch Me,Yes,spotify:track:0mE9Uwnzhco5P3RfRS21EW,
DETENTE,Closer To You,Yes,spotify:track:1ZmGd6MS5M5b4D69r72WxK,
Martika,Love...Thy Will Be Done,Yes,spotify:track:61n0HIKhgIXOGusfWBIyEI,
Ecco2k,Hi Fever,Yes,spotify:track:35O1f9stOkNvgu3SFPVijC,
Hammock,Locating Silence,Yes,spotify:track:4bmQhSOHF4M9PsBdO2wqEH,
Bladee,The Silent Boy Cries (Rs) Outro,Yes,,
Chariot,World Asleep,Yes,spotify:track:1HhBHeZgbe75qSuldoOx9t,
Malibu,Lost At Sea,Yes,spotify:track:1XJOrr8OTcB1D4u1mUM0vg,
Unknown Artist,Unknown Track,Yes,spotify:track:47FlbrwMWmaaC87mkVbwcZ,
Karen Overton,Your Loving Arms (Club Mix),Yes,spotify:track:6ANV9yQe68Q3BTRyGNFFKh,
Evian Christ,IDC (Malibu’s 100 Edit),Yes,,
Worli Ft Etevleh,Another Chance,Yes,,
Unknown Artist,Unknown Track,Yes,spotify:track:47FlbrwMWmaaC87mkVbwcZ,
Hybrid,Opening Credits,Yes,spotify:track:1C2OZrqYdKfnV3GtxSDaWn,
BT,A Million Stars,Yes,spotify:track:7Ai56gVVSczI2JcAM0fyGf,
Araab Musik,Spaced Out,Yes,,
Malibu,Tilting On Windmills,Yes,spotify:track:7mvnU6KO4nC2C37BrbF4YL,
Unknown Artist,Unknown Track,Yes,spotify:track:47FlbrwMWmaaC87mkVbwcZ,
Thrillseekers,After The Rain,Yes,spotify:track:3iNMhyhKgCmpkTBGU6NSgS,
